Country,1990,1991,1992,1993,1994,1995,1996,1997,1998,1999,2000,2001,2002,2003,2004,2005,2006,2007,2008,2009,2010,2011,2012,2013,2014,2015,2016,2017,2018,2019,2020,2021,2022,2023
Africa,58.060408,61.4732377,58.7142366,57.6338789,58.4481454,60.785044,63.5727968,65.2354883,68.38672,72.4138434,77.7239788,83.6531756,87.8048863,85.7818931,91.0304799,92.7209589,96.782273,99.4670635,101.672559,104.89269,114.030018,117.700384,118.667902,126.181117,136.450269,140.428856,142.826049,153.28854,165.408906,177.082164,189.89007,200.782542,206.808917,218.367619
Africa (EI),58.060408,61.4732377,58.7142366,57.6338789,58.4481454,60.785044,63.5727969,65.2354883,68.38672,72.4138433,77.7239788,83.6531856,87.8048863,85.7818829,91.0304859,92.7209589,96.782269,99.4670635,101.672559,104.892685,114.030018,117.700385,118.667902,126.181117,136.450268,140.428846,142.826049,153.28854,165.408927,177.082164,189.89007,200.782542,206.80892,218.367618
Algeria,0.135,0.293,0.199,0.353,0.166,0.193,0.135,0.075,0.215,0.203,0.054,0.069,0.057,0.265,0.251,0.5553,0.2176,0.226,0.283,0.342,0.1821,0.39611875,0.41572301,0.1276,0.254,0.222,0.33605206,0.579,0.73,0.777,0.7423,0.6838,0.681,0.73378
Argentina,17.8461968,16.0002611,19.2950759,23.8643021,27.3856804,26.6226971,22.7043236,28.1180155,26.7149553,21.693598,28.9960633,36.9925753,36.3822672,34.7591926,31.4024304,35.2044375,39.131252,32.3527033,32.4477709,35.8440304,34.7627107,32.6046513,30.9955385,34.7667154,34.534956,34.4328592,31.491441,33.6839664,35.2167636,34.7758187,36.6242238,37.0418423,42.2274621,49.9219183
Asia,463.059128,468.436546,472.065182,522.381178,522.267796,567.108113,563.831344,565.810985,599.985069,589.2803,610.000878,656.869957,680.575543,708.676768,832.329842,868.595734,959.746074,1015.80981,1160.70231,1158.60455,1352.19588,1410.2756,1616.03392,1791.0663,1999.63757,2150.09569,2335.83238,2561.79833,2810.0084,3095.88409,3319.49178,3655.60592,4015.75027,4273.31942
Asia Pacific (EI),421.841401,433.671806,424.949196,463.763119,470.39828,515.610195,505.996952,512.59489,545.979887,543.889668,569.588384,620.089281,630.964416,650.285121,763.15815,802.433493,887.534247,951.271863,1116.92257,1115.37747,1283.54245,1348.33126,1541.48376,1717.19499,1945.19469,2071.39836,2249.06388,2469.04343,2724.37748,2947.03437,3191.97938,3555.81044,3901.5714,4141.73527
Australia,15.519,16.37845,16.6236,17.0736,16.8694,16.48465,16.9476,16.98765,16.9326,17.4986,17.53675,17.26215,17.95365,18.6696,19.36985,20.7198,21.1372,20.2898,19.1089,20.156842,22.1501983,30.6224966,30.27085,35.52705,32.759362,35.793157,41.7364145,39.18975,49.493547,55.2567952,64.2828142,77.276414,87.441743,95.249108
Austria,32.651485,32.669232,36.177564,38.067666,36.919055,38.926444,35.811554,37.838667,39.053111,42.3490318,43.4339293,42.300294,41.959444,35.307914,39.764013,40.8875781,40.6860314,43.1949988,44.5488533,47.1940121,45.0162729,40.9196884,51.3384781,50.5061989,50.1997625,47.596935,51.0977118,51.0676713,50.0668141,54.6464059,55.4336322,52.7654992,49.715355,56.6154748
Azerbaijan,1.658,1.7593,1.7473,2.426,1.83,1.556,1.537,1.712,1.951,1.506,1.534,1.301,2.02,2.47,2.755,3.0094,2.518,2.364,2.232,2.3105,3.4468,2.6758,1.821,1.5577,1.3919,1.7376,2.10465,1.89085,1.97106,1.81235,1.3129,1.5205,1.84255,2.0109
Bangladesh,0.884,0.838,0.796,0.608,0.847,0.372,0.739,0.719,0.865,0.833,0.74901,0.993014,0.749066,0.74985,0.750914,0.752402,0.756033,0.759647,0.968114,0.447489,0.778995,1.001615,0.939246,0.9292097,0.80478846,1.17270545,1.1133756,1.3298651,1.1892031,1.2059302,1.16853362,1.30348275,1.64995956,1.97232554
Belarus,0.02,0.018,0.017,0.019,0.019,0.02,0.016,0.021,0.028,0.019,0.027,0.03,0.029,0.028,0.0340101,0.037,0.038,0.05,0.073,0.106,0.13,0.141,0.173,0.2284,0.211,0.253,0.335,0.698,0.65,0.806,1.023,1.2567,1.2742112,1.13254067
Belgium,0.555,0.536,0.617,0.507,0.6,0.668,0.561,0.588,0.759,0.85,1.044,1.075,1.138,1.192,1.497,2.106,2.952,3.486,4.418,5.439,6.6307,8.3342,10.5216,11.7314,12.2191,14.4606,14.2603,15.8103,17.1887,19.4835,23.4663,22.7247,24.4355,26.8729913
Brazil,210.567062,221.781613,228.272361,240.048937,248.093324,259.498841,272.49051,286.355451,298.979413,301.378032,312.259663,276.933307,296.423347,317.616463,333.372956,351.192777,363.888109,392.741366,390.525657,415.101942,437.408763,463.666729,456.159445,438.544505,432.744574,431.307739,465.819782,467.023636,495.289878,515.438117,522.922095,507.580931,593.904806,631.476934
Bulgaria,1.63,2.268,1.903,1.787,1.296,2.174,2.888,2.724,3.068,2.732,2.631,1.651,2.116,2.995,3.139811,4.302015,4.233021,2.876709,2.930167,3.67939,5.762814,3.889275,5.243057,6.91335,7.389649,8.757899,7.046416,6.131118,9.380455,7.484584,7.46559,10.308256,9.639836,10.0324474
CIS (EI),211.3036,211.5233,216.0635,222.639,226.391,220.3742,198.873,197.911,198.396,203.222,208.5112,217.42349,207.5032,206.08796,226.24535,223.98063,222.52764,227.91826,208.19689,218.887267,217.46882,213.41445,213.658903,230.111203,222.180848,216.847485,237.675955,242.478115,246.822124,252.273451,269.821287,275.351298,261.810222,269.280217
Canada,299.639239,311.261919,319.700703,327.091953,333.649653,341.260428,362.18848,356.916797,339.929289,354.119212,365.957534,341.541759,359.748471,346.269454,349.162139,372.695619,364.319412,379.645816,389.29021,384.380109,370.662106,396.697793,403.373264,415.468923,407.233886,422.041791,431.757392,440.819941,433.703885,429.032974,436.599808,435.949589,452.275186,421.158881
Central America (EI),12.8632796,12.6623329,12.6084471,13.74556,13.3087392,13.2130269,14.9878277,14.6922278,14.5276033,17.5087036,18.3460569,16.9442552,18.0423224,18.8683307,20.0111426,21.3867825,22.5839646,22.9596236,25.2128409,24.6006589,27.6960514,27.7576187,30.3620581,30.5963882,31.4835271,34.2709414,35.9640029,40.2102687,42.1164323,38.4263341,43.10091,47.1548392,48.001973,42.6628047
Chile,9.904428,14.168654,18.48315,18.967321,18.771472,20.292738,18.611468,20.686148,17.098255,15.027,20.456,23.37,24.975,24.305,23.005337,27.3725,29.65305,25.04206,27.8924904,28.6500062,25.4972773,25.1620276,26.5539252,27.3550492,29.9367841,32.662386,31.415046,36.296549,41.2306377,40.567039,42.089931,43.02411,51.0664907,57.9851793
China,126.81199,124.764041,130.933393,152.179281,168.277808,194.217162,189.605939,198.91098,201.739556,199.590737,225.558899,280.734192,291.401374,287.27697,357.425778,404.369061,446.725818,500.720293,665.078,664.397318,786.38395,792.387,999.571514,1093.38326,1289.23478,1393.65771,1522.79072,1667.06391,1835.31223,2014.56323,2184.93456,2448.72523,2670.58732,2894.14073
Colombia,27.769852,27.99508,22.620584,28.245392,32.50239,32.4664,35.783624,31.95876,31.313685,34.157657,31.313553,32.1313268,34.4636883,36.677765,38.8570017,39.7828973,43.1405975,44.7990074,46.7241475,41.8983591,41.7060123,49.8471396,49.1126233,45.7668486,46.5411153,46.5731817,48.8326176,59.3270607,58.8254704,57.0765078,52.858927,63.8641486,67.8201097,64.325031
Croatia,3.9282,5.5353,4.3551,4.5688,5.4409,5.6918,7.8717,5.8544,6.0304,7.3362,6.4539,7.1804,5.8514,5.4578,7.6326,7.0595,6.647,4.7417,5.841,7.482661,9.29846,5.287269,5.261956,9.275965,9.935842,7.509376,8.363312,7.1157,9.7813,8.3468,8.5506,10.5279,8.9509,11.9594669
Cyprus,0,0,0,0,0,0,0,0,0,0,0,0,0,0,0.000755,0.000921,0.001512,0.003489,0.015356,0.031356,0.073,0.178,0.257,0.327,0.318,0.399752,0.424659,0.43522,0.4638,0.514752,0.596648,0.774756,0.883965,1.0835933
Czechia,1.161,1.089,1.402,1.53,1.781,2.407,2.261,2.193,1.983271,2.357739,2.28279,2.57679,2.997407,1.877489,2.742571,3.132979,3.518012,3.41152,3.731012,4.654945,5.903156,7.245512,8.06529,9.308386,9.17707703,9.4273236,9.39923164,9.62205675,9.4046209,10.0271169,10.2935934,10.5479724,10.4373878,10.3999926
Denmark,0.8483,1.1205,1.4641,1.7897,1.7429997,1.85444045,2.07854431,2.92938684,3.925757,4.37928946,5.5722056,5.8463785,6.78914106,8.07685434,9.52220489,9.81291051,9.20352159,10.3069584,10.0967936,10.0634077,12.4301555,14.181208,14.8372794,15.9677391,17.9909752,18.9560117,18.3900258,21.7979163,20.7598811,23.0732045,23.446867,26.097975,28.518471,29.5787419
Eastern Africa (EI),22.0563179,22.4563057,20.3416865,21.2402039,21.2680164,21.5810619,21.6189139,22.712261,29.0212347,30.5117197,32.3529258,36.5595856,39.5069066,40.2933996,41.1630218,42.4727958,44.9235856,48.6643738,48.1928678,50.8392086,57.130393,58.8849308,61.4863784,65.7057737,71.2890275,72.5872378,69.3255254,72.3124572,77.0602425,78.9278011,83.4979491,87.9607573,91.349776,95.1871137
Ecuador,4.9866877,5.075921,4.973581,5.8101373,6.5652776,5.160551,6.3434153,6.5341773,6.5060954,7.176726,7.6112313,7.0706525,7.524256,7.180417,7.41493987,6.98550808,7.27506361,9.25738806,11.5043666,9.4451401,8.87539773,11.4146912,12.5368003,11.3949795,11.9535914,13.6388853,16.4463521,20.65849,21.2243057,25.2192504,24.9187,26.08842,25.12393,25.95421
Egypt,9.953,9.916,9.8,10.0925,10.728,11.192,11.484,11.771,12.1045,13.4525,14.2587,14.5934,14.208,13.226,13.3365505,13.1551111,13.3905606,14.8811364,16.0273132,14.8118939,14.3888434,14.7293939,14.8679041,14.8385201,14.7546768,15.6200454,15.827803,15.5001212,16.463904,20.5481867,24.5883484,24.387488,24.1871867,24.8058607
Estonia,0,0,0,0,0,0.006,0.005,0.008,0.012,0.017,0.06,0.0294,0.034,0.0449,0.061,0.1084,0.1278,0.149,0.199,0.5411,1.0461,1.1812,1.4773,1.2529,1.4301,1.5909,1.5882,1.872,2.0138,2.1425,2.9705,2.8645,2.883,2.87622162
Europe,665.778568,678.53064,697.759244,715.768655,729.406463,735.703283,693.353501,724.347044,756.856444,775.716775,814.36686,833.809368,780.232035,754.43082,830.511872,857.374749,867.326124,914.829836,964.108698,997.622333,1076.20692,1055.71085,1174.31384,1281.79719,1313.40051,1348.36359,1387.19974,1402.77593,1497.88294,1528.8496,1671.66665,1701.79115,1676.33531,1841.62449
Europe (EI),522.075597,533.156639,551.769974,575.485594,584.116403,595.218243,579.705802,607.028006,640.833945,650.059615,681.336289,684.10913,651.815965,633.916923,700.654677,724.016549,738.014764,773.700576,833.182588,860.957313,964.767593,950.053333,1075.39554,1169.14784,1191.61322,1262.81028,1291.43465,1302.97552,1402.99713,1464.10691,1582.75082,1598.85269,1607.79565,1769.32747
European Union (27),302.804157,316.774856,330.710864,341.032027,351.800098,353.780405,353.207993,369.620142,387.134018,388.689137,412.282349,439.317292,394.910968,399.717198,442.803442,443.882685,468.376507,497.654899,542.469302,571.840191,653.940408,643.995187,727.309815,804.65755,833.57686,854.21185,869.433234,872.92752,939.06349,972.12237,1057.26695,1075.28063,1079.50343,1211.6682
Finland,16.015455,18.19652,20.059594,19.438672,18.259751,19.544837,17.760982,20.151208,24.408292,21.193417,23.378601,21.548567,19.830679,19.065383,25.631877,23.468789,22.466651,24.324302,27.781233,21.700953,24.195264,24.176565,28.559187,25.629667,26.270619,30.526724,30.411957,31.476711,32.140222,31.884461,35.92734,38.174507,38.66659,41.8553408
France,55.7792715,59.7044896,71.0919776,66.8730852,80.9575825,75.4547542,68.4770805,66.4535352,64.7695857,75.4084919,69.4022233,77.7391605,64.2061035,63.0557673,63.940448,56.3245008,62.3379061,65.908,73.826,69.658,78.196,64.758379,83.662755,97.727769,92.574703,90.2847323,97.1093783,90.857312,111.418657,111.068975,123.163002,119.749409,111.049946,139.786989
Germany,18.842,17.462,20.474,21.226,23.014,25.11,22.999,24.226,26.224,29.173,37.8,39,46.1,46.669849,57.957236,63.427401,72.555265,89.429967,94.369205,96.070196,105.415076,124.428298,143.407863,151.94828,161.918147,188.136496,189.129508,215.684452,222.93557,241.16962,251.08132,233.948908,254.646768,272.449
Greece,1.771,3.101,2.212,2.33,2.637,3.564,4.386,3.918,3.787,4.755,4.144,2.932,3.577,5.892,5.917781,6.406422,7.679713,4.594842,5.75088,8.16313,10.536438,8.143518,10.140962,14.350567,12.178443,14.850275,14.89248,13.801039,16.148429,16.096482,17.554199,22.136603,22.447767,24.1623057
High-income countries,1276.68926,1300.11124,1290.41309,1358.00339,1327.61639,1409.29849,1438.53812,1482.86978,1459.88167,1477.46052,1495.84049,1417.87785,1457.22621,1449.7841,1501.31314,1553.72422,1599.59191,1617.984,1716.08233,1768.45182,1860.93189,1982.21446,2089.48017,2225.44511,2302.0235,2398.05672,2504.39915,2635.32433,2762.50421,2838.88728,3063.64122,3154.05974,3312.57046,3477.04644
Hong Kong,0,0,0,0,0,0,0,0,0,0,0,0,0,0,0,0,0.000694,0.000865,0.000807,0.001099,0.041041,0.046868,0.045053,0.039836,0.0469,0.061811,0.069492,0.071694,0.074268,0.091605,0.143313,0.236468,0.34611269,0.36303328
Hungary,0.195,0.218,0.204,0.205,0.206,0.219,0.257,0.269,0.215,0.246,0.243,0.257,0.237,0.336,0.936,1.87,1.493,1.883,2.357,2.895,3.013,2.708,2.647181,2.787905,3.15054,3.229,3.258,3.48,3.766,4.69,5.529,6.915,7.662,8.916244
Iceland,4.43661,4.420725,4.534067,4.71527,4.76766,4.965364,5.10544828,5.57437742,6.26823405,7.177514,7.673151,8.023458,8.401102,8.4870056,8.6142758,8.6743158,9.921595,11.9743877,16.46537,16.8324298,17.0574045,17.2083099,17.546035,18.1133202,18.1197652,18.7946452,18.5460858,19.236448,19.826993,19.4861736,19.1242346,19.611687,20.1174636,20.2340228
India,66.4649534,74.1268653,70.2686069,71.0793195,80.7836753,76.9821511,70.6981292,72.1867333,86.0103184,85.3875894,80.2655135,76.1882251,72.782922,74.6293713,109.193975,107.464318,127.54883,141.7579,138.91222,134.32603,142.608495,173.6209,165.243975,187.90142,202.03619,203.207632,208.207255,234.905346,263.61972,303.159756,315.67,332.233223,378.705716,381.964583
Indonesia,7.61986,8.46063,10.73122,9.98305,9.58685,10.50567,11.16724,8.594,13.65,14.32051,14.8884,17.6896,16.1763,15.4009,16.3396,17.34,16.297,18.32502,19.865215,20.714165,26.86467,21.99725,22.4874,26.5059,25.4298,24.267685,29.94668,32.01377,48.36491,48.04478,52.90147,56.20112,65.39273,65.19437
Iran,7.381,5.607,9.204,10.533,6.896,8.323,8.814,5.941,7.488,5.178,3.8175,4.1557,8.0423,9.6156,11.9793,14.5189,18.6344,18.1,7.634,6.9512,10.4319,10.9187,12.8083,14.863,14.7513,13.4108,15.6048,17.660245,10.834256,35.108159,24.93721,15.5638598,15.96961,24.7733191
Iraq,4.650264,2.145184,5.219066,6.161732,6.247761,7.119707,6.489375,6.608055,6.19756,3.55905,3.196577,3.701006,4.56004,4.7559,5.749923,4.893819,4.99076,4.56631,2.932036,2.83021,3.615072,3.399509,4.396909,4.655021,2.892502,2.603442,3.428539,2.233388,2.194247,5.339809,4.53920462,3.722326,3.07290314,3.81005334
Ireland,0.697,0.746,0.8220009,0.7800027,0.93900342,0.72900288,0.76300738,0.80902358,1.17004571,1.12405003,1.18506102,1.02707759,1.38108442,1.13809718,1.39413752,1.87365554,2.47506202,2.79533694,3.5876915,4.10926204,3.72992911,5.42442888,5.25352148,5.62348004,6.38683592,7.8585289,7.512016,8.880767,10.200052,11.794115,13.459019,11.602166,13.071269,13.8776669
Israel,0.003,0.006,0.029,0.026,0.023,0.025,0.024,0.025,0.025,0.033,0.031,0.02,0.032,0.043,0.039,0.039,0.025,0.024,0.032,0.099,0.17,0.301,0.484,0.5616,0.9566,1.3176,1.8129,1.823,2.0163,3.3049,4.3666,5.5208,6.4001,8.07989957
Italy,34.9029192,45.5388788,45.7669192,45.2228384,48.2397172,41.4576364,46.2216667,46.206,46.477,51.315,50.88,54.347,48.316,46.866,53.871,48.439,50.635,47.715,58.163,69.2567,76.9646,82.9618,92.2224,112.0089,120.6784,108.9043,108.0222,103.89774,114.453,115.8849,116.996823,116.3391,100.4661,113.99148
Japan,98.236126,106.067857,91.906617,104.162832,77.9644936,93.1286056,92.4771062,102.97489,105.401945,100.533199,101.032144,98.3174792,98.64693,112.13442,112.432077,102.787588,114.46564,101.760208,101.996346,97.2647848,118.236912,113.490145,111.329292,120.55022,133.898398,154.013267,151.763182,163.31058,175.334604,176.400923,193.031151,208.138221,213.184518,223.547205
Kazakhstan,7.366,7.2,6.866,7.629,9.179,8.331,7.331,6.499,6.141,6.132,7.5310507,8.081139,8.889543,8.62454,8.056666,7.85597,7.7680697,8.171407,7.459829,6.8791046,8.022023,7.8834697,7.6399517,7.7360991,8.2773352,9.4475603,11.9860099,11.6447384,10.9053431,11.0969804,11.932304,12.5867663,13.2884417,14.4084204
Kuwait,0,0,0,0,0,0,0,0,0,0,0,0,0,0,0,0,0,0,0,0,0,0,0,0.000182,0.003278,0.00509,0.048814,0.053214,0.055174,0.06218,0.06346538,0.2140706,0.17909687,0.1643015
Latvia,4.496,3.275,2.521,2.876,3.305,2.937,1.861,2.955,4.318,2.759,2.824,2.839,2.485,2.338,3.196,3.415,2.787,2.828,3.212,3.553,3.635,3.0782,4.0962,3.5332,2.7642,2.7842,3.482382,5.4617,3.498595,3.19211,3.649529,3.717823,3.78263,4.73893085
Lithuania,0.414,0.338,0.311,0.393,0.452,0.373,0.326,0.295,0.417,0.414,0.3393,0.3275,0.3572,0.3321,0.4277,0.4595,0.4358,0.5807,0.602,0.684,0.911,1.112,1.1827,1.5257,1.5101,1.6797,2.0956,2.5378,2.2056,2.4691,2.5751,2.6217,3.0272,3.79865603
Lower-middle-income countries,140.756909,148.367521,145.608262,155.897299,166.575675,164.023915,162.605289,155.265587,183.057589,183.79188,172.754752,173.174688,172.267698,182.195715,222.541676,225.955403,255.622978,270.829848,259.409597,261.360576,276.108662,316.643103,302.706556,360.886384,372.456262,368.718555,389.323423,441.493548,466.882667,527.14737,552.959469,592.133898,658.493532,667.555497
Luxembourg,0.082505,0.097976,0.08177,0.081712,0.10108,0.107493,0.075448,0.102919,0.143068,0.12185,0.170639,0.167691,0.151284,0.141138,0.195231,0.209051,0.245628,0.264556,0.282382,0.267812,0.268032,0.245773,0.308056,0.370171,0.39763,0.430786,0.457203,0.600388,0.68325,0.796712,0.976288,0.989844,1.011287,1.06164357
Malaysia,4.026689,4.4493155,4.286,4.853,6.483,6.218,5.184,4.173,4.457,7.552,7.564903,6.640094,5.8194,5.5065,6.14936,6.5995,6.946964,6.716773,8.603761,8.283368,7.6239545,9.593535,10.7596624,13.04329,14.308,14.948,21.094,27.941,28.308,28.791,30.592,33.740509,35.769924,35.978193
Mexico,29.606944,28.4607754,33.183217,33.1596906,26.4998454,34.0251105,37.532832,32.2633434,30.753531,38.7963214,39.459525,34.708827,30.96165,26.8289178,32.467228,35.874965,37.9888607,35.846587,47.394065,34.8924278,46.4662901,45.9232154,43.059792,40.121745,53.6369061,48.2360865,48.9777561,50.7772067,55.242452,57.5063017,69.3652804,82.093259,83.12626,76.2935157
Middle Africa (EI),10.291,9.984,10.829,10.221,9.741,10.84,10.874,10.145,9.932,10.336,11.376943,11.635092,11.747392,12.161149,14.0913,14.502442,16.333242,15.245442,16.316442,16.238842,16.90332,17.203591,17.015811,19.440927,20.869302,21.090994,22.143684,25.055633,28.213685,29.746979,32.418967,32.92966,33.3421513,34.430359
Middle East (EI),15.274264,11.010184,17.828066,20.047732,16.55076,18.653706,18.699376,15.930055,17.21356,11.83905,10.764677,11.669496,16.873181,18.533183,23.149761,24.009102,28.399723,26.870912,13.920042,12.441785,17.7505755,18.81926,22.2477196,24.572498,21.7195205,19.086641,23.872616,25.58862,20.5100341,53.5399764,46.6379996,40.9206758,46.9695809,68.9092019
Morocco,1.22,1.226,0.964,0.443,0.84,0.611,1.957,2.083,1.777,0.825,0.782,1.0681,1.03600101,1.64461271,1.79030101,1.17110101,1.16580101,1.18100101,1.21410101,2.95950101,4.12670101,2.69770101,2.35910128,4.00000101,3.56130101,4.4101,4.6573,4.634912,6.484341,7.543433,6.97936176,7.74518346,7.153838,8.81911148
Netherlands,0.811,0.942,1.02,1.13,1.27701,1.423,1.835,2.032,2.346091,2.528857,2.992297,3.313418,3.979428,3.968297,5.320778,7.465918,8.068422,7.605994,9.480115,10.835999,11.214723,12.341074,12.543575,12.21136,11.707203,13.686937,14.781194,17.438536,18.881842,22.803191,32.729486,40.35569,48.315234,58.162087
New Zealand,26.1382456,26.0162933,24.1626798,26.7119702,28.9127325,30.5603297,29.1427081,26.3181883,28.6493139,26.5147437,28.2960626,25.3499064,28.3955086,27.0459715,30.9963295,27.7494844,28.2669945,28.8321571,28.3022533,31.2800638,32.9762563,34.0093951,32.1673538,32.6359174,34.9109977,35.8902684,37.2785379,36.3214656,37.3218637,36.9642066,35.7483219,36.2615448,38.6194134,39.0592742
Non-OECD (EI),941.238397,976.850516,990.852665,1047.10316,1106.6309,1151.14916,1149.46438,1172.24458,1228.0308,1239.57475,1286.48582,1323.5491,1349.77908,1374.57407,1543.94794,1632.17757,1731.8337,1831.57273,1978.50109,2021.1936,2213.50334,2282.44767,2479.6686,2678.47259,2878.43728,2969.69305,3205.95183,3442.06912,3730.9757,3989.9485,4240.09904,4587.97526,4985.87642,5312.42484
North America,685.064842,693.744347,675.265522,712.737371,691.937212,755.582096,818.625838,817.228362,764.815686,784.743263,753.882417,663.429215,734.734371,729.562518,734.586013,769.843099,792.056058,771.609267,821.992847,844.013629,851.25876,964.027004,952.872317,993.125286,1017.43532,1036.44191,1116.46315,1211.83735,1235.76159,1261.61782,1343.14356,1396.50533,1511.78036,1479.09596
North America (EI),682.173997,691.059511,672.450522,709.938639,689.829434,753.481149,815.904842,814.827271,761.970089,781.050107,750.929503,660.700749,731.727558,726.312565,731.114137,766.335759,788.616668,768.299336,818.844999,840.67391,848.086272,960.620959,948.780321,988.380876,1013.39796,1032.53851,1111.92697,1206.13292,1230.08389,1255.67242,1336.45531,1389.02778,1504.01873,1471.11977
North Macedonia,0.491,0.848,0.848,0.522,0.695,0.801,0.85,0.9,1.083,1.389,1.17,0.626,0.757,1.374,1.482,1.492,1.65,1.01,0.84,1.27,2.431026,1.434173,1.043836,1.593018,1.291666,2.028779,2.066561,1.296061,1.965544,1.34380844,1.47548791,1.65977628,1.58106,2.153293
Norway,121.358,110.343,116.898,119.483,111.922,121.829,104.174,110.027,115.984,121.75,142.1103,120.7503,129.7023,106.0342,109.3982,136.5262,120.4001,134.9411,140.3614,126.4947,117.9751,121.9095,143.6069,130.4248,137.9477,140.0834,145.1798,145.518961,143.113194,131.172585,151.208292,155.456634,142.957623,150.893246
OECD (EI),1338.62558,1358.54582,1353.82079,1435.95804,1397.68005,1487.79211,1527.96907,1563.30081,1537.86143,1559.67402,1577.50123,1486.86713,1537.20976,1532.23346,1597.21075,1643.32872,1701.68249,1715.39429,1823.07622,1862.29497,1976.35368,2115.19627,2225.94392,2349.80252,2419.1507,2542.92224,2654.83989,2799.43841,2935.82339,3045.0394,3271.77648,3368.2789,3544.22885,3675.9694
Oceania,41.6572426,42.3947453,40.7862769,43.7855693,45.7821326,47.0449778,46.0903081,43.3058393,45.581912,44.0133439,45.8328095,42.6120596,46.3491578,45.7155713,50.3661814,48.4692845,49.404196,49.1219567,47.4111523,51.4369039,55.1264548,64.6318944,62.438203,68.162966,67.6703615,71.6834268,79.0149497,75.511213,86.815411,92.221,100.031134,113.537956,126.061159,134.308384
Oman,0,0,0,0,0,0,0,0,0,0,0,0,0,0,0,0,0,0,0,0,0,0,0,0.0012,0.0012,0.0037,0.004196,0.01556,0.015712,0.025255,0.159962,0.802594,1.558143,1.5955906
Pakistan,17.0854,18.283058,19.944752,21.933483,21.526897,22.746653,24.797253,18.446575,24.107826,21.5048,18.484977,19.163997,21.378427,25.6386,27.2924,30.699635,30.250881,31.678938,27.340706,28.755348,29.823338,30.62125,10.831467,31.7822036,32.9277949,33.8395791,36.4758964,33.7010768,34.0647713,40.6027557,44.0635779,42.4860995,40.9512546,43.6854306
Peru,10.605,11.625,9.822,11.908,12.866,13.0796,13.461,13.3691,13.9348,14.6802,16.3349,17.779,18.2273,18.7309,17.6795,18.3262,19.9435,19.967,19.5208,20.365,20.7263,22.2335,22.7608,23.4777,23.9585,25.4186924,25.7554226,30.912577,33.528151,34.4046111,33.608704,35.1230194,33.0654973,32.9591623
Philippines,11.95776,10.903,10.14,10.697,12.182,12.367,13.564,13.306,13.98,18.434,19.425,17.546,17.275466,17.692264,18.874231,18.308202,20.459303,18.837272,20.628004,20.190804,17.822798,19.844552,20.761602,19.902948,19.809654,20.963176,21.979458,23.188735,23.344059,22.0625487,21.6558572,23.463981,24.7557781,25.7369781
Poland,1.472,1.508,1.618,1.549,1.784,1.955,2.064,2.132,2.533,2.352,2.332,2.783,2.767,2.25,3.0744,3.8468,4.2908,5.4295,6.607,8.6783,10.8885,13.138,16.8794,17.0666,19.845,22.486,22.808,24.122,21.617,25.458832,28.226562,30.568451,37.688578,46.44113
Portugal,9.8509596,9.8569596,5.53683838,9.45355556,11.642,9.389,15.791,14.231,14.1524,8.6482,12.8684,15.7416,9.7328,17.7056,12.3189,8.2298,15.638,16.171,14.641,18.293,28.356,24.113,19.372,29.4713243,31.5620808,24.3718653,32.261,22.574,29.401,27.405,30.1054706,31.5458683,27.619,34.274
Qatar,0,0,0,0,0,0,0,0,0,0,0,0,0,0,0,0,0,0,0,0,0,0.010635,0.010635,0.080231,0.10832,0.125841,0.13114,0.137309,0.142889,0.125939,0.142752,0.14236197,0.40569568,1.454752
Romania,11.4130627,14.588,11.702,12.769,13.046,16.693,15.755,17.52,18.89,18.29,14.778,14.923,16.049,13.262,16.517,20.213,18.361,16.004,17.224,15.5540101,20.3020202,16.314,14.926,19.9855,25.0474,26.202,26.969,24.282168,26.19403,24.636065,24.605394,26.343733,23.609055,28.0127003
Russia,166.91061,168.159,172.657,174.349,175.987,176.3142,154.366,157.491,158.555,160.55,164.157,174.0162,162.3535,156.0444,176.1338,173.0691,173.7959,177.5361,165.2741,174.7002,167.0248,163.619,163.966612,181.6479,174.205006,168.958307,185.67444,186.365528,192.003836,196.214549,216.253199,220.249244,205.108039,209.097475
Saudi Arabia,0,0,0,0,0,0,0,0,0,0,0,0,0,0,0,0,0,0,0.000609,0.000609,0.004089,0.005392,0.025637,0.042475,0.045881,0.045881,0.045881,0.069854,0.16430616,0.21243062,0.21299703,0.83609488,2.2813614,5.7692434
Singapore,0.085,0.245,0.245,0.245,0.245,0.245,0.245,0.245,0.245,0.245,0.245,0.473,0.473,0.495,0.479,0.47765875,0.4737648,0.4936092,0.5211795,0.5286781,0.5902442,0.61007973,0.64390646,0.7182691,0.7685835,0.8610191,0.89001521,0.89765413,0.89765614,0.95489589,0.9799372,1.06950528,1.63654584,1.7687109
Slovakia,1.88,1.408,1.937,3.467,4.355,4.88,4.227,4.064,4.267,4.474,4.615,5.081,5.42,3.581,4.126,4.676,4.803314,4.933,4.563332,4.910561,5.939942,4.999187,5.474,6.353,6.229,6.04,6.629,6.532,5.806,6.644,6.857,6.778,5.822,7.2493983
Slovenia,2.974,3.608,3.423,3.035,3.399,3.252,3.668,3.091,3.45,3.77,3.904,3.868,3.415,3.079,4.216,3.571,3.69,3.37,4.31,4.912,4.752,3.88,4.329,5.109,6.612,4.355,5.05901644,4.451817,5.238019,5.044796,5.585884,5.451717,4.072136,6.37269823
South Africa,1.01,1.98,0.75200003,0.14600004,1.0739999,0.529,1.3789999,2.238,1.826,0.9229999,1.5877998,2.1549,2.5567,1.25571207,1.359339,1.7862402,3.3337197,3.32822,1.7584198,1.9540199,1.6007998,3.5931242,1.5641099,1.8616158,4.3002319,6.866528,8.438492,12.423364,12.517334,12.70614,13.9857,17.8647,19.4097,20.07461
South America,353.380564,378.154596,387.474509,417.008911,443.16035,459.504718,476.971978,504.925471,515.738774,515.572699,543.834216,513.098233,539.250433,563.77147,582.32303,617.11574,645.61772,673.169556,680.477012,702.317667,713.342878,757.540501,750.924289,737.345609,731.510637,731.331078,763.491325,796.085855,828.805333,840.906881,844.551737,840.876142,945.36722,999.01572
South Korea,4.684946,3.487046,3.099448,4.230549,2.349092,3.011923,2.830357,2.895992,4.343418,4.256671,4.110522,2.436713,3.4337028,5.1061937,4.6612622,4.07740033,3.97876078,4.46247355,4.4435366,4.6037796,5.69009954,7.40265599,8.16516633,10.2260815,12.8926928,15.1975707,18.1252341,22.3280839,27.8064292,33.0113766,40.3989504,48.1047282,55.4848087,55.7213943
South and Central America (EI),369.134722,393.501791,402.897962,433.553178,458.576865,474.818725,494.68078,522.018817,533.111972,536.774512,565.133074,532.770903,560.299612,585.889749,605.806095,642.009865,671.640976,699.439084,708.837668,730.258108,744.211391,788.704143,785.378341,772.686528,767.031557,769.505335,803.991528,842.000528,876.599462,885.278638,894.340916,895.5086,1001.13083,1049.65473
Spain,25.976,27.846,19.606,25.081,29.004,24.408,41.261,36.996,36.903,27.348,35.808,49.441,34.878,56.354,50.762,41.742,52.08,58.207,62.311,73.7151218,96.599131,86.223536,86.9599183,110.948338,110.269084,97.0875973,104.605952,87.847671,104.149547,96.320498,113.754783,125.676004,122.848516,141.957314
Sri Lanka,3.1448,3.1166,2.8999,3.796,4.0891,4.5141,3.2519,3.44727,3.91495,4.1809936,3.2080397,3.1222467,2.70551866,3.32455134,2.97558762,3.46883288,4.65284953,3.96585521,4.15452988,3.92441035,5.73742632,4.71585259,3.48115217,7.20459647,4.90457908,6.42913,4.73134,4.68978,7.14618,5.778,6.2455,9.1205,9.1896964,8.5151422
Sweden,74.458,65.122,76.405,76.871,61.402,70.556,54.003,72.033,77.832,74.747,83.14,83.322,71.143,58.731,68.641,80.834541,70.965027,77.440317,81.621284,79.497261,82.862435,84.723178,98.317487,82.68838,85.740063,102.497224,89.243268,94.977395,91.068296,98.842794,112.024227,115.491473,117.935967,114.80196
Switzerland,30.236848,32.518162,33.191655,36.276193,39.627556,35.751566,29.36998,34.713455,34.175414,40.770263,37.684334,42.21588,36.100818,35.72013,34.745717,32.274898,32.135859,36.477403,37.324383,37.03311,37.46728,34.016364,40.51809,40.661718,40.65405,41.09185,37.79493,37.749364,38.48719,41.81997,42.175486,41.549485,35.58413,45.1779584
Taiwan,6.59280675,4.09687026,6.81761623,4.34154766,5.31848462,5.2232869,5.21293295,5.7710712,6.8090582,5.8098888,5.60885146,6.42306177,4.3944638,4.83136542,5.08460861,6.01402843,6.21551174,6.74317192,6.71469564,6.2914554,7.0759807,7.38858874,9.07322683,9.23239064,8.259637,8.78394865,11.0318442,10.6949247,10.8633697,13.4409429,13.3942,15.7227621,22.0741604,25.0189424
Thailand,4.925119,4.535017,4.179801,3.64193,4.45436554,6.73576006,7.4221228,7.35550026,5.3983331,3.8571013,6.4183415,6.79543285,8.1193422,8.4392484,7.7382119,7.527449,9.9745169,10.4181438,9.1284352,9.262028,8.7729685,12.0115863,13.642407,12.6459946,14.209078,13.8022185,16.08028,19.631204,25.519757,27.712383,25.079966,26.466626,28.474911,29.7669129
Trinidad and Tobago,0.031,0.025,0.03,0.028,0.032,0.033,0.017,0.018,0.018,0.018,0.020531,0.030039,0.027369,0.013902,0.025579,0.024743,0.02909,0.022285,0.023534,0.022939,0.004408,0.004408,0.006228,0.006228,0.006228,0.006255,0.006255,0.006255,0.006255,0.006255,0.006255,0.006255,0.006255,0.006255
Turkey,23.2277,22.803,26.6847,34.0849,30.7159,35.8492,40.7343,40.1929,42.5605,34.9119,31.1534,24.3459,33.9664,35.5585,46.3106,39.7479,44.52255,36.456842,34.420995,38.141159,55.715434,58.1024625,65.2212898,69.2269026,52.628714,83.657973,90.24433,87.2631,97.768015,132.277775,128.360383,118.567465,137.842531,137.932973
Turkmenistan,0.003,0.003,0.0042,0.005,0.004,0.004,0.005,0.005,0.006,0.005,0.003154,0.003154,0.003154,0.003154,0.003154,0.003154,0.003154,0.003154,0.003154,0.003154,0.0033135,0.00361075,0.00413543,0.00500275,0.0062715,0.008374,0.01013307,0.010114,0.010114,0.010114,0.01014171,0.01011,0.01011,0.01011
Ukraine,10.514,11.71,7.883,11.039,12.118,9.953,8.632,9.856,15.742,14.327,11.28,12.048,9.649,9.269,11.786,12.401,12.921,10.469,11.821,12.118,13.39,11.19743,11.23413,15.11441,10.16747,7.10222,9.2564,10.86261,13.0241,11.8682,16.952703,21.600899,18.623467,20.40677
United Arab Emirates,0,0,0,0,0,0,0,0,0,0,0,0,0,0,0,0,0,0,0,0.006354,0.018424,0.020696,0.024242,0.086912,0.311409,0.300589,0.316,0.7451,1.1981,3.6558,5.185366,6.2527808,7.7561991,13.8355477
United Kingdom,5.722,5.2326,6.317,5.7181,6.9797,6.6856,5.68856,7.17294,8.6488143,9.615697,9.9145453,9.547648,11.1295846,10.6924005,14.1513605,16.9452,18.1173067,19.6896229,21.904712,25.2438126,26.1802659,35.2121764,41.2479486,53.213813,64.5224014,83.3638284,83.0034715,98.87847,110.13021,119.72604,134.2786,122.1894,135.0115,135.0005
United States,352.927779,351.336792,319.566618,349.687021,329.679961,378.195587,416.183508,425.647123,391.287308,388.134594,345.512447,284.450176,341.017397,353.214244,349.484769,357.765145,386.308416,352.806936,382.160724,421.401354,430.95791,517.999904,502.347284,532.790171,552.527162,562.26065,631.191855,714.53576,741.13754,769.13313,830.49026,870.98488,968.617344,973.66734
Upper-middle-income countries,688.714983,704.873112,732.266484,788.301313,821.046205,872.677881,871.137694,893.291258,912.786388,915.529842,966.282464,993.826297,1022.28427,1032.05846,1163.94637,1236.48779,1315.57821,1390.54143,1555.42881,1577.91679,1744.00533,1789.57841,1993.90069,2096.66568,2279.698,2405.47697,2601.64256,2789.14133,3031.52125,3275.47498,3487.37549,3772.53729,4107.09126,4372.28316
Uzbekistan,6.648,6.031,6.281,7.358,7.156,6.188,6.525,5.777,5.758,5.692,5.879,6.017,6.186,7.1548724,6.4934173,6.875604,5.8497224,6.4571,4.3859,6.4833,8.1921,5.7213,6.3549814,6.27,6.185008,6.020495,6.864457,7.935843,5.904127,6.48441,5.0060627,5.060381,5.497021,7.316221
Venezuela,36.983,44.542,47.271,47.478,51.284,51.45,53.847,57.268,57.923,60.6,62.886,60.441,59.534,60.532,70.075,77.08849,81.41334,83.03442,86.7129,85.83926,76.66224,83.15769,81.74076,81.58961,80.55254,74.87451,63.07298,70.15237,65.32357,62.85107,67.211728,67.8662636,68.52913,65.609299
Vietnam,5.369,6.317,7.228,7.965,9.243,10.582,12.008,11.657,11.095,13.774,14.551,18.21,18.198,18.986,17.818,16.585,19.776,22.516,26.0407,30.0506,28.625966,41.178268,53.408966,57.952483,62.299505,56.320669,64.26929,86.505992,84.078,72.009,84.95,108.485,131.129,118.826
Western Africa (EI),12.009091,13.987132,14.378202,13.778475,13.586128,14.288279,14.821882,15.16168,12.048942,14.106487,15.134909,15.5374,16.4388867,14.6186973,16.8103614,16.4569609,14.9843758,13.4679094,15.5924225,15.2742336,17.279757,17.522901,17.969341,17.436141,18.2525394,16.5120818,19.2289034,19.6175295,21.0055653,23.816359,24.0028566,26.0492377,27.7499485,30.6729582
World,2279.86417,2335.39634,2344.6734,2483.061,2504.31094,2638.94137,2677.43353,2735.5456,2765.89211,2799.24876,2863.98715,2810.41632,2886.98886,2906.80732,3141.15869,3275.50619,3433.51629,3546.96703,3801.57729,3883.48859,4189.85709,4397.64395,4705.61247,5028.27512,5297.58804,5512.61542,5860.79185,6241.50756,6666.7992,7034.98809,7511.8756,7956.254,8530.1056,8988.39435