Country,Year,Total_Renewable_Energy
Africa,1990,58.06040795
Africa,1991,61.473237700000006
Africa,1992,58.71423657
Africa,1993,57.63387893
Africa,1994,58.44814536
Africa,1995,60.785044
Africa,1996,63.5727968
Africa,1997,65.2354883
Africa,1998,68.38672
Africa,1999,72.41384339999999
Africa,2000,77.7239788
Africa,2001,83.6531756
Africa,2002,87.804886334
Africa,2003,85.78189309499999
Africa,2004,91.030479879
Africa,2005,92.720958864
Africa,2006,96.78227301
Africa,2007,99.46706350699999
Africa,2008,101.67255937
Africa,2009,104.89269013
Africa,2010,114.03001824
Africa,2011,117.7003843
Africa,2012,118.6679024
Africa,2013,126.18111657
Africa,2014,136.450269
Africa,2015,140.4288556
Africa,2016,142.8260487
Africa,2017,153.2885404
Africa,2018,165.408906
Africa,2019,177.082164
Africa,2020,189.8900696
Africa,2021,200.782542
Africa,2022,206.808917
Africa,2023,218.367619
Africa (EI),1990,58.06040795
Africa (EI),1991,61.473237700000006
Africa (EI),1992,58.71423657
Africa (EI),1993,57.63387893
Africa (EI),1994,58.44814536
Africa (EI),1995,60.785044
Africa (EI),1996,63.5727969
Africa (EI),1997,65.2354883
Africa (EI),1998,68.38672
Africa (EI),1999,72.4138433
Africa (EI),2000,77.7239788
Africa (EI),2001,83.6531856
Africa (EI),2002,87.804886313
Africa (EI),2003,85.78188289500001
Africa (EI),2004,91.03048588
Africa (EI),2005,92.720958864
Africa (EI),2006,96.78226901000001
Africa (EI),2007,99.46706350699999
Africa (EI),2008,101.67255917
Africa (EI),2009,104.89268493
Africa (EI),2010,114.03001824
Africa (EI),2011,117.7003845
Africa (EI),2012,118.66790230000001
Africa (EI),2013,126.18111657
Africa (EI),2014,136.4502683
Africa (EI),2015,140.4288456
Africa (EI),2016,142.8260487
Africa (EI),2017,153.2885404
Africa (EI),2018,165.408927
Africa (EI),2019,177.082164
Africa (EI),2020,189.8900696
Africa (EI),2021,200.7825424
Africa (EI),2022,206.80892
Africa (EI),2023,218.367618
Algeria,1990,0.135
Algeria,1991,0.293
Algeria,1992,0.199
Algeria,1993,0.353
Algeria,1994,0.166
Algeria,1995,0.193
Algeria,1996,0.135
Algeria,1997,0.075
Algeria,1998,0.215
Algeria,1999,0.203
Algeria,2000,0.054
Algeria,2001,0.069
Algeria,2002,0.057
Algeria,2003,0.265
Algeria,2004,0.251
Algeria,2005,0.5553
Algeria,2006,0.2176
Algeria,2007,0.226
Algeria,2008,0.283
Algeria,2009,0.342
Algeria,2010,0.18209999999999998
Algeria,2011,0.39611875
Algeria,2012,0.415723014
Algeria,2013,0.1276
Algeria,2014,0.254
Algeria,2015,0.22199999999999998
Algeria,2016,0.336052055
Algeria,2017,0.5790000000000001
Algeria,2018,0.73
Algeria,2019,0.777
Algeria,2020,0.7423000000000001
Algeria,2021,0.6838
Algeria,2022,0.681
Algeria,2023,0.73378
Argentina,1990,17.84619682
Argentina,1991,16.0002611
Argentina,1992,19.29507593
Argentina,1993,23.86430208
Argentina,1994,27.385680395
Argentina,1995,26.622697126
Argentina,1996,22.704323640000002
Argentina,1997,28.11801552
Argentina,1998,26.71495525
Argentina,1999,21.69359796
Argentina,2000,28.9960633
Argentina,2001,36.99257525
Argentina,2002,36.3822672
Argentina,2003,34.75919255
Argentina,2004,31.40243035
Argentina,2005,35.20443746
Argentina,2006,39.131252
Argentina,2007,32.3527033
Argentina,2008,32.44777088
Argentina,2009,35.844030412
Argentina,2010,34.762710696
Argentina,2011,32.60465125
Argentina,2012,30.995538467
Argentina,2013,34.766715448999996
Argentina,2014,34.534955999999994
Argentina,2015,34.4328592
Argentina,2016,31.491441000000002
Argentina,2017,33.683966399999996
Argentina,2018,35.2167636
Argentina,2019,34.77581874
Argentina,2020,36.624223799999996
Argentina,2021,37.0418423
Argentina,2022,42.227462100000004
Argentina,2023,49.9219183
Asia,1990,463.059128232
Asia,1991,468.43654591
Asia,1992,472.06518213100003
Asia,1993,522.381177802
Asia,1994,522.267796
Asia,1995,567.108113303
Asia,1996,563.8313444
Asia,1997,565.810984955
Asia,1998,599.9850692499999
Asia,1999,589.28029961
Asia,2000,610.00087845
Asia,2001,656.86995714
Asia,2002,680.5755426400001
Asia,2003,708.6767676
Asia,2004,832.329842
Asia,2005,868.5957335
Asia,2006,959.7460738
Asia,2007,1015.809805
Asia,2008,1160.7023076
Asia,2009,1158.6045490000001
Asia,2010,1352.1958774
Asia,2011,1410.275599
Asia,2012,1616.033919
Asia,2013,1791.066302
Asia,2014,1999.637574
Asia,2015,2150.0956850000002
Asia,2016,2335.83238
Asia,2017,2561.79833
Asia,2018,2810.0083999999997
Asia,2019,3095.88409
Asia,2020,3319.49178
Asia,2021,3655.60592
Asia,2022,4015.75027
Asia,2023,4273.31942
Asia Pacific (EI),1990,421.841401234
Asia Pacific (EI),1991,433.67180591
Asia Pacific (EI),1992,424.94919603
Asia Pacific (EI),1993,463.76311866
Asia Pacific (EI),1994,470.39828006
Asia Pacific (EI),1995,515.6101954
Asia Pacific (EI),1996,505.99695164999997
Asia Pacific (EI),1997,512.59489045
Asia Pacific (EI),1998,545.97988696
Asia Pacific (EI),1999,543.8896677
Asia Pacific (EI),2000,569.58838443
Asia Pacific (EI),2001,620.0892807
Asia Pacific (EI),2002,630.9644156999999
Asia Pacific (EI),2003,650.2851211999999
Asia Pacific (EI),2004,763.15815
Asia Pacific (EI),2005,802.4334934999999
Asia Pacific (EI),2006,887.5342468
Asia Pacific (EI),2007,951.2718629000001
Asia Pacific (EI),2008,1116.9225692
Asia Pacific (EI),2009,1115.377471
Asia Pacific (EI),2010,1283.542448
Asia Pacific (EI),2011,1348.3312609999998
Asia Pacific (EI),2012,1541.483761
Asia Pacific (EI),2013,1717.1949869999999
Asia Pacific (EI),2014,1945.194687
Asia Pacific (EI),2015,2071.39836
Asia Pacific (EI),2016,2249.0638799999997
Asia Pacific (EI),2017,2469.0434299999997
Asia Pacific (EI),2018,2724.37748
Asia Pacific (EI),2019,2947.0343700000003
Asia Pacific (EI),2020,3191.9793799999998
Asia Pacific (EI),2021,3555.8104399999997
Asia Pacific (EI),2022,3901.5714
Asia Pacific (EI),2023,4141.73527
Australia,1990,15.518999999999998
Australia,1991,16.37845
Australia,1992,16.6236
Australia,1993,17.0736
Australia,1994,16.8694
Australia,1995,16.484650000000002
Australia,1996,16.9476
Australia,1997,16.987650000000002
Australia,1998,16.9326
Australia,1999,17.4986
Australia,2000,17.53675
Australia,2001,17.26215
Australia,2002,17.95365
Australia,2003,18.669600000000003
Australia,2004,19.36985
Australia,2005,20.7198
Australia,2006,21.1372
Australia,2007,20.2898
Australia,2008,19.1089
Australia,2009,20.15684202
Australia,2010,22.150198260000003
Australia,2011,30.622496599999998
Australia,2012,30.270850000000003
Australia,2013,35.52705
Australia,2014,32.759362
Australia,2015,35.793157
Australia,2016,41.7364145
Australia,2017,39.189750000000004
Australia,2018,49.49354700000001
Australia,2019,55.256795200000006
Australia,2020,64.2828142
Australia,2021,77.276414
Australia,2022,87.44174299999999
Australia,2023,95.249108
Austria,1990,32.651485
Austria,1991,32.669232
Austria,1992,36.177564
Austria,1993,38.067665999999996
Austria,1994,36.919055
Austria,1995,38.926444
Austria,1996,35.811554
Austria,1997,37.838667
Austria,1998,39.053111
Austria,1999,42.3490318
Austria,2000,43.4339293
Austria,2001,42.300294
Austria,2002,41.959444
Austria,2003,35.307914
Austria,2004,39.764013
Austria,2005,40.887578075
Austria,2006,40.686031375
Austria,2007,43.194998774000005
Austria,2008,44.54885331
Austria,2009,47.19401208
Austria,2010,45.01627294
Austria,2011,40.91968836
Austria,2012,51.338478050000006
Austria,2013,50.5061989
Austria,2014,50.1997625
Austria,2015,47.596935
Austria,2016,51.0977118
Austria,2017,51.0676713
Austria,2018,50.0668141
Austria,2019,54.6464059
Austria,2020,55.4336322
Austria,2021,52.76549920000001
Austria,2022,49.715355
Austria,2023,56.6154748
Azerbaijan,1990,1.658
Azerbaijan,1991,1.7593
Azerbaijan,1992,1.7473
Azerbaijan,1993,2.426
Azerbaijan,1994,1.83
Azerbaijan,1995,1.556
Azerbaijan,1996,1.537
Azerbaijan,1997,1.712
Azerbaijan,1998,1.951
Azerbaijan,1999,1.506
Azerbaijan,2000,1.534
Azerbaijan,2001,1.301
Azerbaijan,2002,2.02
Azerbaijan,2003,2.47
Azerbaijan,2004,2.755
Azerbaijan,2005,3.0094
Azerbaijan,2006,2.518
Azerbaijan,2007,2.364
Azerbaijan,2008,2.232
Azerbaijan,2009,2.3104999999999998
Azerbaijan,2010,3.4468
Azerbaijan,2011,2.6758
Azerbaijan,2012,1.821
Azerbaijan,2013,1.5577
Azerbaijan,2014,1.3919000000000001
Azerbaijan,2015,1.7376
Azerbaijan,2016,2.10465
Azerbaijan,2017,1.89085
Azerbaijan,2018,1.97106
Azerbaijan,2019,1.81235
Azerbaijan,2020,1.3129
Azerbaijan,2021,1.5205000000000002
Azerbaijan,2022,1.84255
Azerbaijan,2023,2.0109
Bangladesh,1990,0.884
Bangladesh,1991,0.838
Bangladesh,1992,0.796
Bangladesh,1993,0.608
Bangladesh,1994,0.847
Bangladesh,1995,0.372
Bangladesh,1996,0.739
Bangladesh,1997,0.719
Bangladesh,1998,0.865
Bangladesh,1999,0.833
Bangladesh,2000,0.74901
Bangladesh,2001,0.993014
Bangladesh,2002,0.749066
Bangladesh,2003,0.74985
Bangladesh,2004,0.750914
Bangladesh,2005,0.752402
Bangladesh,2006,0.756033
Bangladesh,2007,0.759647
Bangladesh,2008,0.9681139999999999
Bangladesh,2009,0.44748899999999997
Bangladesh,2010,0.778995
Bangladesh,2011,1.001615
Bangladesh,2012,0.939246
Bangladesh,2013,0.9292097
Bangladesh,2014,0.8047884599999999
Bangladesh,2015,1.17270545
Bangladesh,2016,1.1133756
Bangladesh,2017,1.3298651000000001
Bangladesh,2018,1.1892031
Bangladesh,2019,1.2059302
Bangladesh,2020,1.168533621
Bangladesh,2021,1.303482754
Bangladesh,2022,1.64995956
Bangladesh,2023,1.97232554
Belarus,1990,0.02
Belarus,1991,0.018
Belarus,1992,0.017
Belarus,1993,0.019
Belarus,1994,0.019
Belarus,1995,0.02
Belarus,1996,0.016
Belarus,1997,0.021
Belarus,1998,0.028
Belarus,1999,0.019
Belarus,2000,0.027
Belarus,2001,0.03
Belarus,2002,0.029
Belarus,2003,0.028
Belarus,2004,0.034010101
Belarus,2005,0.037
Belarus,2006,0.038000000000000006
Belarus,2007,0.05
Belarus,2008,0.07300000000000001
Belarus,2009,0.106
Belarus,2010,0.13
Belarus,2011,0.14100000000000001
Belarus,2012,0.173
Belarus,2013,0.22840000000000002
Belarus,2014,0.211
Belarus,2015,0.253
Belarus,2016,0.33499999999999996
Belarus,2017,0.6980000000000001
Belarus,2018,0.6499999999999999
Belarus,2019,0.8059999999999999
Belarus,2020,1.0230000000000001
Belarus,2021,1.2567
Belarus,2022,1.2742111999999999
Belarus,2023,1.13254067
Belgium,1990,0.5549999999999999
Belgium,1991,0.536
Belgium,1992,0.617
Belgium,1993,0.507
Belgium,1994,0.6
Belgium,1995,0.668
Belgium,1996,0.5609999999999999
Belgium,1997,0.5880000000000001
Belgium,1998,0.759
Belgium,1999,0.8500000000000001
Belgium,2000,1.044
Belgium,2001,1.075
Belgium,2002,1.138
Belgium,2003,1.192
Belgium,2004,1.4969999999999997
Belgium,2005,2.106
Belgium,2006,2.952
Belgium,2007,3.4859999999999998
Belgium,2008,4.418
Belgium,2009,5.439000000000001
Belgium,2010,6.6307
Belgium,2011,8.3342
Belgium,2012,10.5216
Belgium,2013,11.7314
Belgium,2014,12.2191
Belgium,2015,14.460600000000001
Belgium,2016,14.260299999999999
Belgium,2017,15.8103
Belgium,2018,17.1887
Belgium,2019,19.4835
Belgium,2020,23.4663
Belgium,2021,22.724700000000002
Belgium,2022,24.4355
Belgium,2023,26.87299127
Brazil,1990,210.5670624
Brazil,1991,221.78161260000002
Brazil,1992,228.272361
Brazil,1993,240.0489373
Brazil,1994,248.0933236
Brazil,1995,259.49884050000003
Brazil,1996,272.49051
Brazil,1997,286.355451
Brazil,1998,298.979413
Brazil,1999,301.37803199999996
Brazil,2000,312.259663
Brazil,2001,276.93330699999996
Brazil,2002,296.423347
Brazil,2003,317.616463
Brazil,2004,333.372956
Brazil,2005,351.192777
Brazil,2006,363.888109
Brazil,2007,392.74136582999995
Brazil,2008,390.525657
Brazil,2009,415.101942
Brazil,2010,437.408763
Brazil,2011,463.66672900000003
Brazil,2012,456.159445116
Brazil,2013,438.544504593
Brazil,2014,432.744573803
Brazil,2015,431.30773940999995
Brazil,2016,465.81978159000005
Brazil,2017,467.0236364
Brazil,2018,495.2898778
Brazil,2019,515.438117
Brazil,2020,522.922095
Brazil,2021,507.58093099999996
Brazil,2022,593.904806
Brazil,2023,631.476934
Bulgaria,1990,1.63
Bulgaria,1991,2.268
Bulgaria,1992,1.903
Bulgaria,1993,1.787
Bulgaria,1994,1.296
Bulgaria,1995,2.174
Bulgaria,1996,2.888
Bulgaria,1997,2.724
Bulgaria,1998,3.068
Bulgaria,1999,2.732
Bulgaria,2000,2.631
Bulgaria,2001,1.651
Bulgaria,2002,2.116
Bulgaria,2003,2.995
Bulgaria,2004,3.139811
Bulgaria,2005,4.302015
Bulgaria,2006,4.233021
Bulgaria,2007,2.876709
Bulgaria,2008,2.930167
Bulgaria,2009,3.67939
Bulgaria,2010,5.7628140000000005
Bulgaria,2011,3.889275
Bulgaria,2012,5.243057
Bulgaria,2013,6.91335
Bulgaria,2014,7.389649
Bulgaria,2015,8.757899
Bulgaria,2016,7.046416000000001
Bulgaria,2017,6.131118000000001
Bulgaria,2018,9.380455
Bulgaria,2019,7.484584
Bulgaria,2020,7.46559
Bulgaria,2021,10.308256
Bulgaria,2022,9.639835999999999
Bulgaria,2023,10.032447399999999
CIS (EI),1990,211.3036
CIS (EI),1991,211.5233
CIS (EI),1992,216.06349999999998
CIS (EI),1993,222.639
CIS (EI),1994,226.39100000000002
CIS (EI),1995,220.3742
CIS (EI),1996,198.873
CIS (EI),1997,197.911
CIS (EI),1998,198.396
CIS (EI),1999,203.22199999999998
CIS (EI),2000,208.5112
CIS (EI),2001,217.42349
CIS (EI),2002,207.5032
CIS (EI),2003,206.08796
CIS (EI),2004,226.245350101
CIS (EI),2005,223.98063000000002
CIS (EI),2006,222.52764000000002
CIS (EI),2007,227.91825999999998
CIS (EI),2008,208.19689
CIS (EI),2009,218.887267375
CIS (EI),2010,217.468820125
CIS (EI),2011,213.41444975000002
CIS (EI),2012,213.658902759
CIS (EI),2013,230.11120259999998
CIS (EI),2014,222.18084844999998
CIS (EI),2015,216.84748504
CIS (EI),2016,237.6759552
CIS (EI),2017,242.47811517
CIS (EI),2018,246.82212387
CIS (EI),2019,252.2734512
CIS (EI),2020,269.82128670000003
CIS (EI),2021,275.3512975
CIS (EI),2022,261.8102222
CIS (EI),2023,269.2802165
Canada,1990,299.639239192
Canada,1991,311.261919192
Canada,1992,319.700702632
Canada,1993,327.091952632
Canada,1994,333.64965263199997
Canada,1995,341.260428105
Canada,1996,362.18847973699997
Canada,1997,356.91679736799995
Canada,1998,339.929289263
Canada,1999,354.11921215800004
Canada,2000,365.957534054
Canada,2001,341.541758947
Canada,2002,359.748470842
Canada,2003,346.269453975
Canada,2004,349.162139158
Canada,2005,372.69561860000005
Canada,2006,364.31941159999997
Canada,2007,379.6458157
Canada,2008,389.2902101
Canada,2009,384.3801086
Canada,2010,370.66210557
Canada,2011,396.69779320000004
Canada,2012,403.37326404000004
Canada,2013,415.4689229
Canada,2014,407.233886
Canada,2015,422.0417906
Canada,2016,431.7573924
Canada,2017,440.81994130000004
Canada,2018,433.7038847
Canada,2019,429.0329737
Canada,2020,436.599808
Canada,2021,435.94958859999997
Canada,2022,452.2751864
Canada,2023,421.158881
Central America (EI),1990,12.8632796
Central America (EI),1991,12.6623329
Central America (EI),1992,12.608447100000001
Central America (EI),1993,13.745560000000001
Central America (EI),1994,13.3087392
Central America (EI),1995,13.2130269
Central America (EI),1996,14.987827663
Central America (EI),1997,14.692227769999999
Central America (EI),1998,14.52760333
Central America (EI),1999,17.50870358
Central America (EI),2000,18.34605688
Central America (EI),2001,16.9442552
Central America (EI),2002,18.04232236
Central America (EI),2003,18.86833065
Central America (EI),2004,20.01114264
Central America (EI),2005,21.386782498
Central America (EI),2006,22.583964585000004
Central America (EI),2007,22.959623647
Central America (EI),2008,25.21284089
Central America (EI),2009,24.60065891
Central America (EI),2010,27.696051392999998
Central America (EI),2011,27.757618665
Central America (EI),2012,30.362058124
Central America (EI),2013,30.596388229000002
Central America (EI),2014,31.483527128
Central America (EI),2015,34.2709414
Central America (EI),2016,35.9640029
Central America (EI),2017,40.2102687
Central America (EI),2018,42.1164323
Central America (EI),2019,38.4263341
Central America (EI),2020,43.10091
Central America (EI),2021,47.1548392
Central America (EI),2022,48.001973
Central America (EI),2023,42.6628047
Chile,1990,9.904428
Chile,1991,14.168654
Chile,1992,18.48315
Chile,1993,18.967321
Chile,1994,18.771472000000003
Chile,1995,20.292738
Chile,1996,18.611468
Chile,1997,20.686148
Chile,1998,17.098255
Chile,1999,15.027
Chile,2000,20.456
Chile,2001,23.37
Chile,2002,24.975
Chile,2003,24.305
Chile,2004,23.005337
Chile,2005,27.372500000000002
Chile,2006,29.65305
Chile,2007,25.04206
Chile,2008,27.89249044
Chile,2009,28.65000622
Chile,2010,25.4972773
Chile,2011,25.16202764
Chile,2012,26.553925239999998
Chile,2013,27.35504916
Chile,2014,29.9367841
Chile,2015,32.662386
Chile,2016,31.415046
Chile,2017,36.296549
Chile,2018,41.2306377
Chile,2019,40.567039
Chile,2020,42.08993100000001
Chile,2021,43.02410999999999
Chile,2022,51.0664907
Chile,2023,57.985179300000006
China,1990,126.811990202
China,1991,124.764040909
China,1992,130.93339313
China,1993,152.17928122
China,1994,168.2778084
China,1995,194.21716164
China,1996,189.605939394
China,1997,198.91097979999998
China,1998,201.73955555999999
China,1999,199.59073740000002
China,2000,225.558899
China,2001,280.7341919
China,2002,291.40137373000005
China,2003,287.2769697
China,2004,357.4257778
China,2005,404.3690607
China,2006,446.7258182
China,2007,500.720293
China,2008,665.0780000000001
China,2009,664.397318
China,2010,786.38395
China,2011,792.387
China,2012,999.5715137999999
China,2013,1093.383256
China,2014,1289.23478
China,2015,1393.65771
China,2016,1522.790716
China,2017,1667.06391
China,2018,1835.31223
China,2019,2014.56323
China,2020,2184.93456
China,2021,2448.72523
China,2022,2670.58732
China,2023,2894.14073
Colombia,1990,27.769852
Colombia,1991,27.995079999999998
Colombia,1992,22.620584
Colombia,1993,28.245392
Colombia,1994,32.502390000000005
Colombia,1995,32.4664
Colombia,1996,35.783624
Colombia,1997,31.95876
Colombia,1998,31.313685
Colombia,1999,34.157657
Colombia,2000,31.313553014
Colombia,2001,32.13132675
Colombia,2002,34.463688250000004
Colombia,2003,36.677765
Colombia,2004,38.857001726
Colombia,2005,39.78289725
Colombia,2006,43.14059749
Colombia,2007,44.799007376
Colombia,2008,46.724147518
Colombia,2009,41.898359113
Colombia,2010,41.70601232
Colombia,2011,49.847139644
Colombia,2012,49.112623310000004
Colombia,2013,45.766848601999996
Colombia,2014,46.5411153
Colombia,2015,46.57318165
Colombia,2016,48.832617643
Colombia,2017,59.327060719
Colombia,2018,58.8254704
Colombia,2019,57.076507799999995
Colombia,2020,52.858927
Colombia,2021,63.8641486
Colombia,2022,67.8201097
Colombia,2023,64.325031
Croatia,1990,3.9282
Croatia,1991,5.535299999999999
Croatia,1992,4.3551
Croatia,1993,4.5688
Croatia,1994,5.4409
Croatia,1995,5.691800000000001
Croatia,1996,7.871700000000001
Croatia,1997,5.8544
Croatia,1998,6.0304
Croatia,1999,7.336200000000001
Croatia,2000,6.4539
Croatia,2001,7.1804
Croatia,2002,5.8514
Croatia,2003,5.4578
Croatia,2004,7.6326
Croatia,2005,7.0595
Croatia,2006,6.647
Croatia,2007,4.7417
Croatia,2008,5.841
Croatia,2009,7.482660999999999
Croatia,2010,9.29846
Croatia,2011,5.287269
Croatia,2012,5.261956
Croatia,2013,9.275965000000001
Croatia,2014,9.935842
Croatia,2015,7.509376
Croatia,2016,8.363312
Croatia,2017,7.1157
Croatia,2018,9.7813
Croatia,2019,8.3468
Croatia,2020,8.5506
Croatia,2021,10.527899999999999
Croatia,2022,8.9509
Croatia,2023,11.959466919999999
Cyprus,1990,0.0
Cyprus,1991,0.0
Cyprus,1992,0.0
Cyprus,1993,0.0
Cyprus,1994,0.0
Cyprus,1995,0.0
Cyprus,1996,0.0
Cyprus,1997,0.0
Cyprus,1998,0.0
Cyprus,1999,0.0
Cyprus,2000,0.0
Cyprus,2001,0.0
Cyprus,2002,0.0
Cyprus,2003,0.0
Cyprus,2004,0.000755
Cyprus,2005,0.0009209999999999999
Cyprus,2006,0.001512
Cyprus,2007,0.003489
Cyprus,2008,0.015356
Cyprus,2009,0.031356
Cyprus,2010,0.07300000000000001
Cyprus,2011,0.178
Cyprus,2012,0.257
Cyprus,2013,0.327
Cyprus,2014,0.318
Cyprus,2015,0.399752
Cyprus,2016,0.424659
Cyprus,2017,0.43522
Cyprus,2018,0.4638
Cyprus,2019,0.514752
Cyprus,2020,0.5966480000000001
Cyprus,2021,0.774756
Cyprus,2022,0.883965
Cyprus,2023,1.0835933
Czechia,1990,1.161
Czechia,1991,1.089
Czechia,1992,1.402
Czechia,1993,1.53
Czechia,1994,1.781
Czechia,1995,2.407
Czechia,1996,2.261
Czechia,1997,2.193
Czechia,1998,1.9832709999999998
Czechia,1999,2.357739
Czechia,2000,2.28279
Czechia,2001,2.57679
Czechia,2002,2.997407
Czechia,2003,1.877489
Czechia,2004,2.742571
Czechia,2005,3.132979
Czechia,2006,3.5180119999999997
Czechia,2007,3.41152
Czechia,2008,3.731012
Czechia,2009,4.654945
Czechia,2010,5.903156
Czechia,2011,7.245512
Czechia,2012,8.06529
Czechia,2013,9.308385999999999
Czechia,2014,9.17707703
Czechia,2015,9.427323600000001
Czechia,2016,9.39923164
Czechia,2017,9.62205675
Czechia,2018,9.4046209
Czechia,2019,10.02711686
Czechia,2020,10.2935934
Czechia,2021,10.547972399999999
Czechia,2022,10.4373878
Czechia,2023,10.39999263
Denmark,1990,0.8482999999999999
Denmark,1991,1.1205
Denmark,1992,1.4641
Denmark,1993,1.7897
Denmark,1994,1.7429997
Denmark,1995,1.85444045
Denmark,1996,2.078544311
Denmark,1997,2.929386844
Denmark,1998,3.925757
Denmark,1999,4.379289456
Denmark,2000,5.5722056
Denmark,2001,5.8463785
Denmark,2002,6.789141055999999
Denmark,2003,8.076854344000001
Denmark,2004,9.522204889
Denmark,2005,9.812910511
Denmark,2006,9.203521589000001
Denmark,2007,10.306958444
Denmark,2008,10.096793622
Denmark,2009,10.0634077
Denmark,2010,12.430155479
Denmark,2011,14.181208
Denmark,2012,14.837279409999999
Denmark,2013,15.967739093999999
Denmark,2014,17.990975178
Denmark,2015,18.956011656
Denmark,2016,18.390025771
Denmark,2017,21.797916322
Denmark,2018,20.759881111
Denmark,2019,23.0732045
Denmark,2020,23.446867
Denmark,2021,26.097975
Denmark,2022,28.518470999999998
Denmark,2023,29.578741859999997
Eastern Africa (EI),1990,22.0563179
Eastern Africa (EI),1991,22.456305739999998
Eastern Africa (EI),1992,20.341686539999998
Eastern Africa (EI),1993,21.24020394
Eastern Africa (EI),1994,21.2680164
Eastern Africa (EI),1995,21.58106194
Eastern Africa (EI),1996,21.618913929999998
Eastern Africa (EI),1997,22.712260960000002
Eastern Africa (EI),1998,29.0212347
Eastern Africa (EI),1999,30.5117197
Eastern Africa (EI),2000,32.3529258
Eastern Africa (EI),2001,36.5595856
Eastern Africa (EI),2002,39.50690659999999
Eastern Africa (EI),2003,40.2933996
Eastern Africa (EI),2004,41.16302181
Eastern Africa (EI),2005,42.472795761
Eastern Africa (EI),2006,44.923585576
Eastern Africa (EI),2007,48.664373757
Eastern Africa (EI),2008,48.192867836
Eastern Africa (EI),2009,50.839208604999996
Eastern Africa (EI),2010,57.13039296
Eastern Africa (EI),2011,58.88493079
Eastern Africa (EI),2012,61.486378429999995
Eastern Africa (EI),2013,65.70577366
Eastern Africa (EI),2014,71.28902753
Eastern Africa (EI),2015,72.58723784
Eastern Africa (EI),2016,69.3255254
Eastern Africa (EI),2017,72.3124572
Eastern Africa (EI),2018,77.06024252
Eastern Africa (EI),2019,78.92780110000001
Eastern Africa (EI),2020,83.4979491
Eastern Africa (EI),2021,87.9607573
Eastern Africa (EI),2022,91.349776
Eastern Africa (EI),2023,95.1871137
Ecuador,1990,4.9866877
Ecuador,1991,5.075921
Ecuador,1992,4.973581
Ecuador,1993,5.8101373
Ecuador,1994,6.5652776
Ecuador,1995,5.160551
Ecuador,1996,6.3434153
Ecuador,1997,6.5341773
Ecuador,1998,6.5060954
Ecuador,1999,7.176726
Ecuador,2000,7.6112313
Ecuador,2001,7.0706525
Ecuador,2002,7.524256
Ecuador,2003,7.180417
Ecuador,2004,7.41493987
Ecuador,2005,6.9855080759
Ecuador,2006,7.275063605
Ecuador,2007,9.257388057
Ecuador,2008,11.504366608
Ecuador,2009,9.4451400956
Ecuador,2010,8.87539773
Ecuador,2011,11.414691150000001
Ecuador,2012,12.536800278000001
Ecuador,2013,11.394979511999999
Ecuador,2014,11.953591366000001
Ecuador,2015,13.638885291000001
Ecuador,2016,16.446352067
Ecuador,2017,20.65849
Ecuador,2018,21.224305734999998
Ecuador,2019,25.219250386
Ecuador,2020,24.918699999999998
Ecuador,2021,26.08842
Ecuador,2022,25.123929999999998
Ecuador,2023,25.95421
Egypt,1990,9.953
Egypt,1991,9.916
Egypt,1992,9.8
Egypt,1993,10.0925
Egypt,1994,10.728
Egypt,1995,11.192
Egypt,1996,11.484
Egypt,1997,11.771
Egypt,1998,12.1045
Egypt,1999,13.4525
Egypt,2000,14.258700000000001
Egypt,2001,14.5934
Egypt,2002,14.208
Egypt,2003,13.226
Egypt,2004,13.3365505
Egypt,2005,13.155111100000001
Egypt,2006,13.390560599999999
Egypt,2007,14.88113637
Egypt,2008,16.02731315
Egypt,2009,14.811893900000001
Egypt,2010,14.388843399999999
Egypt,2011,14.7293939
Egypt,2012,14.8679041
Egypt,2013,14.8385201
Egypt,2014,14.7546768
Egypt,2015,15.6200454
Egypt,2016,15.827803
Egypt,2017,15.5001212
Egypt,2018,16.463904
Egypt,2019,20.5481867
Egypt,2020,24.5883484
Egypt,2021,24.387487999999998
Egypt,2022,24.187186699999998
Egypt,2023,24.805860699999997
Estonia,1990,0.0
Estonia,1991,0.0
Estonia,1992,0.0
Estonia,1993,0.0
Estonia,1994,0.0
Estonia,1995,0.006
Estonia,1996,0.005
Estonia,1997,0.008
Estonia,1998,0.012
Estonia,1999,0.017
Estonia,2000,0.06
Estonia,2001,0.0294
Estonia,2002,0.033999999999999996
Estonia,2003,0.044899999999999995
Estonia,2004,0.061
Estonia,2005,0.1084
Estonia,2006,0.12780000000000002
Estonia,2007,0.149
Estonia,2008,0.199
Estonia,2009,0.5411
Estonia,2010,1.0460999999999998
Estonia,2011,1.1812
Estonia,2012,1.4772999999999998
Estonia,2013,1.2529000000000001
Estonia,2014,1.4301
Estonia,2015,1.5908999999999998
Estonia,2016,1.5881999999999998
Estonia,2017,1.872
Estonia,2018,2.0138000000000003
Estonia,2019,2.1425
Estonia,2020,2.9704999999999995
Estonia,2021,2.8644999999999996
Estonia,2022,2.8830000000000005
Estonia,2023,2.87622162
Europe,1990,665.77856843
Europe,1991,678.53064005
Europe,1992,697.7592440999999
Europe,1993,715.7686552
Europe,1994,729.4064632
Europe,1995,735.703283
Europe,1996,693.353500713
Europe,1997,724.347044243
Europe,1998,756.8564435000001
Europe,1999,775.7167750599999
Europe,2000,814.366860246
Europe,2001,833.80936751
Europe,2002,780.23203502
Europe,2003,754.43081974
Europe,2004,830.51187186
Europe,2005,857.3747493
Europe,2006,867.3261239999999
Europe,2007,914.8298360000001
Europe,2008,964.108698
Europe,2009,997.622333
Europe,2010,1076.2069230000002
Europe,2011,1055.71085
Europe,2012,1174.31384
Europe,2013,1281.79719
Europe,2014,1313.40051
Europe,2015,1348.36359
Europe,2016,1387.19974
Europe,2017,1402.77593
Europe,2018,1497.88294
Europe,2019,1528.8496
Europe,2020,1671.6666500000001
Europe,2021,1701.79115
Europe,2022,1676.33531
Europe,2023,1841.62449
Europe (EI),1990,522.07559743
Europe (EI),1991,533.156639
Europe (EI),1992,551.7699741
Europe (EI),1993,575.4855942
Europe (EI),1994,584.1164032
Europe (EI),1995,595.2182433
Europe (EI),1996,579.7058017100001
Europe (EI),1997,607.0280062429999
Europe (EI),1998,640.8339454999999
Europe (EI),1999,650.05961506
Europe (EI),2000,681.33628925
Europe (EI),2001,684.1091295
Europe (EI),2002,651.81596502
Europe (EI),2003,633.91692274
Europe (EI),2004,700.6546768599999
Europe (EI),2005,724.0165493
Europe (EI),2006,738.0147637
Europe (EI),2007,773.7005758
Europe (EI),2008,833.1825879999999
Europe (EI),2009,860.9573130000001
Europe (EI),2010,964.767593
Europe (EI),2011,950.053333
Europe (EI),2012,1075.395544
Europe (EI),2013,1169.14784
Europe (EI),2014,1191.61322
Europe (EI),2015,1262.8102800000001
Europe (EI),2016,1291.4346500000001
Europe (EI),2017,1302.97552
Europe (EI),2018,1402.9971300000002
Europe (EI),2019,1464.10691
Europe (EI),2020,1582.75082
Europe (EI),2021,1598.8526900000002
Europe (EI),2022,1607.79565
Europe (EI),2023,1769.32747
European Union (27),1990,302.8041574
European Union (27),1991,316.774856
European Union (27),1992,330.71086410000004
European Union (27),1993,341.0320267
European Union (27),1994,351.80009820000004
European Union (27),1995,353.7804045
European Union (27),1996,353.20799301
European Union (27),1997,369.62014184599997
European Union (27),1998,387.13401849999997
European Union (27),1999,388.68913706
European Union (27),2000,412.28234925000004
European Union (27),2001,439.3172915
European Union (27),2002,394.910968
European Union (27),2003,399.71719773999996
European Union (27),2004,442.80344190000005
European Union (27),2005,443.88268530000005
European Union (27),2006,468.3765068
European Union (27),2007,497.65489890000003
European Union (27),2008,542.469302
European Union (27),2009,571.8401905000001
European Union (27),2010,653.9404079999999
European Union (27),2011,643.995187
European Union (27),2012,727.3098150000001
European Union (27),2013,804.65755
European Union (27),2014,833.57686
European Union (27),2015,854.21185
European Union (27),2016,869.433234
European Union (27),2017,872.92752
European Union (27),2018,939.06349
European Union (27),2019,972.12237
European Union (27),2020,1057.26695
European Union (27),2021,1075.28063
European Union (27),2022,1079.50343
European Union (27),2023,1211.6682
Finland,1990,16.015455
Finland,1991,18.19652
Finland,1992,20.059594
Finland,1993,19.438672
Finland,1994,18.259751
Finland,1995,19.544837
Finland,1996,17.760982
Finland,1997,20.151208
Finland,1998,24.408292
Finland,1999,21.193416999999997
Finland,2000,23.378601
Finland,2001,21.548567000000002
Finland,2002,19.830679
Finland,2003,19.065382999999997
Finland,2004,25.631877000000003
Finland,2005,23.468789
Finland,2006,22.466651
Finland,2007,24.324302000000003
Finland,2008,27.781233
Finland,2009,21.700953
Finland,2010,24.195264
Finland,2011,24.176565
Finland,2012,28.559187
Finland,2013,25.629667
Finland,2014,26.270619
Finland,2015,30.526724
Finland,2016,30.411957
Finland,2017,31.476710999999998
Finland,2018,32.140222
Finland,2019,31.884461
Finland,2020,35.92734
Finland,2021,38.174507
Finland,2022,38.66659
Finland,2023,41.8553408
France,1990,55.779271526
France,1991,59.704489603999995
France,1992,71.09197760400001
France,1993,66.87308517999999
France,1994,80.9575825
France,1995,75.4547542
France,1996,68.4770805
France,1997,66.4535352
France,1998,64.76958570000001
France,1999,75.40849193
France,2000,69.40222325
France,2001,77.7391605
France,2002,64.20610345
France,2003,63.0557673
France,2004,63.940447984
France,2005,56.32450076
France,2006,62.33790605
France,2007,65.908
France,2008,73.82600000000001
France,2009,69.658
France,2010,78.196
France,2011,64.75837899999999
France,2012,83.662755
France,2013,97.727769
France,2014,92.574703
France,2015,90.2847323
France,2016,97.1093783
France,2017,90.85731200000001
France,2018,111.418657
France,2019,111.068975
France,2020,123.163002
France,2021,119.74940900000001
France,2022,111.049946
France,2023,139.786989
Germany,1990,18.842000000000002
Germany,1991,17.462
Germany,1992,20.474
Germany,1993,21.226
Germany,1994,23.014
Germany,1995,25.11
Germany,1996,22.999000000000002
Germany,1997,24.226000000000003
Germany,1998,26.223999999999997
Germany,1999,29.173000000000002
Germany,2000,37.8
Germany,2001,39.0
Germany,2002,46.1
Germany,2003,46.669849
Germany,2004,57.957236
Germany,2005,63.427401
Germany,2006,72.55526499999999
Germany,2007,89.429967
Germany,2008,94.369205
Germany,2009,96.07019600000001
Germany,2010,105.415076
Germany,2011,124.42829799999998
Germany,2012,143.407863
Germany,2013,151.94827999999998
Germany,2014,161.91814699999998
Germany,2015,188.136496
Germany,2016,189.129508
Germany,2017,215.684452
Germany,2018,222.93557
Germany,2019,241.16962
Germany,2020,251.08132
Germany,2021,233.94890800000002
Germany,2022,254.646768
Germany,2023,272.449
Greece,1990,1.771
Greece,1991,3.101
Greece,1992,2.2119999999999997
Greece,1993,2.33
Greece,1994,2.637
Greece,1995,3.564
Greece,1996,4.386
Greece,1997,3.918
Greece,1998,3.787
Greece,1999,4.755
Greece,2000,4.144
Greece,2001,2.932
Greece,2002,3.577
Greece,2003,5.8919999999999995
Greece,2004,5.917781
Greece,2005,6.406421999999999
Greece,2006,7.6797130000000005
Greece,2007,4.594842
Greece,2008,5.75088
Greece,2009,8.16313
Greece,2010,10.536438
Greece,2011,8.143518
Greece,2012,10.140962
Greece,2013,14.350567
Greece,2014,12.178443000000001
Greece,2015,14.850275
Greece,2016,14.892479999999999
Greece,2017,13.801039
Greece,2018,16.148429
Greece,2019,16.096481999999998
Greece,2020,17.554199
Greece,2021,22.136603
Greece,2022,22.447767
Greece,2023,24.16230567
High-income countries,1990,1276.6892573399998
High-income countries,1991,1300.1112387
High-income countries,1992,1290.4130880999999
High-income countries,1993,1358.0033928
High-income countries,1994,1327.6163879
High-income countries,1995,1409.2984887
High-income countries,1996,1438.5381204
High-income countries,1997,1482.8697782000002
High-income countries,1998,1459.88166733
High-income countries,1999,1477.4605223
High-income countries,2000,1495.8404917
High-income countries,2001,1417.8778478000002
High-income countries,2002,1457.2262135
High-income countries,2003,1449.7840964
High-income countries,2004,1501.3131447
High-income countries,2005,1553.7242163
High-income countries,2006,1599.591912
High-income countries,2007,1617.9840020000001
High-income countries,2008,1716.082327
High-income countries,2009,1768.451824
High-income countries,2010,1860.9318899999998
High-income countries,2011,1982.2144640000001
High-income countries,2012,2089.48017
High-income countries,2013,2225.44511
High-income countries,2014,2302.0235000000002
High-income countries,2015,2398.0567199999996
High-income countries,2016,2504.39915
High-income countries,2017,2635.32433
High-income countries,2018,2762.50421
High-income countries,2019,2838.88728
High-income countries,2020,3063.6412199999995
High-income countries,2021,3154.0597399999997
High-income countries,2022,3312.57046
High-income countries,2023,3477.04644
Hong Kong,1990,0.0
Hong Kong,1991,0.0
Hong Kong,1992,0.0
Hong Kong,1993,0.0
Hong Kong,1994,0.0
Hong Kong,1995,0.0
Hong Kong,1996,0.0
Hong Kong,1997,0.0
Hong Kong,1998,0.0
Hong Kong,1999,0.0
Hong Kong,2000,0.0
Hong Kong,2001,0.0
Hong Kong,2002,0.0
Hong Kong,2003,0.0
Hong Kong,2004,0.0
Hong Kong,2005,0.0
Hong Kong,2006,0.000694
Hong Kong,2007,0.000865
Hong Kong,2008,0.000807
Hong Kong,2009,0.001099
Hong Kong,2010,0.041041
Hong Kong,2011,0.046868
Hong Kong,2012,0.045053
Hong Kong,2013,0.039836
Hong Kong,2014,0.0469
Hong Kong,2015,0.061811
Hong Kong,2016,0.06949200000000001
Hong Kong,2017,0.07169400000000001
Hong Kong,2018,0.074268
Hong Kong,2019,0.091605
Hong Kong,2020,0.143313
Hong Kong,2021,0.236468
Hong Kong,2022,0.34611269200000006
Hong Kong,2023,0.36303328200000007
Hungary,1990,0.195
Hungary,1991,0.218
Hungary,1992,0.20400000000000001
Hungary,1993,0.20500000000000002
Hungary,1994,0.20600000000000002
Hungary,1995,0.219
Hungary,1996,0.257
Hungary,1997,0.269
Hungary,1998,0.215
Hungary,1999,0.246
Hungary,2000,0.243
Hungary,2001,0.257
Hungary,2002,0.23700000000000002
Hungary,2003,0.336
Hungary,2004,0.9359999999999999
Hungary,2005,1.8699999999999999
Hungary,2006,1.4929999999999999
Hungary,2007,1.883
Hungary,2008,2.3569999999999998
Hungary,2009,2.895
Hungary,2010,3.0130000000000003
Hungary,2011,2.7079999999999997
Hungary,2012,2.6471810000000002
Hungary,2013,2.7879050000000003
Hungary,2014,3.1505400000000003
Hungary,2015,3.229
Hungary,2016,3.2580000000000005
Hungary,2017,3.48
Hungary,2018,3.7659999999999996
Hungary,2019,4.69
Hungary,2020,5.529
Hungary,2021,6.914999999999999
Hungary,2022,7.662000000000001
Hungary,2023,8.916244
Iceland,1990,4.43661
Iceland,1991,4.420725
Iceland,1992,4.534067
Iceland,1993,4.71527
Iceland,1994,4.76766
Iceland,1995,4.965364
Iceland,1996,5.10544828
Iceland,1997,5.574377419999999
Iceland,1998,6.26823405
Iceland,1999,7.1775139999999995
Iceland,2000,7.673151000000001
Iceland,2001,8.023458
Iceland,2002,8.401102
Iceland,2003,8.4870056
Iceland,2004,8.6142758
Iceland,2005,8.6743158
Iceland,2006,9.921595
Iceland,2007,11.9743877
Iceland,2008,16.46537
Iceland,2009,16.8324298
Iceland,2010,17.0574045
Iceland,2011,17.208309936
Iceland,2012,17.546035
Iceland,2013,18.113320248
Iceland,2014,18.119765245
Iceland,2015,18.794645204
Iceland,2016,18.546085778
Iceland,2017,19.236447984
Iceland,2018,19.826993
Iceland,2019,19.486173591
Iceland,2020,19.1242346
Iceland,2021,19.611687
Iceland,2022,20.117463553
Iceland,2023,20.234022814
India,1990,66.464953365
India,1991,74.12686532000001
India,1992,70.26860689
India,1993,71.07931954
India,1994,80.7836753
India,1995,76.98215113100001
India,1996,70.69812924600001
India,1997,72.186733306
India,1998,86.010318406
India,1999,85.38758940599999
India,2000,80.265513507
India,2001,76.18822511100001
India,2002,72.78292201299999
India,2003,74.629371317
India,2004,109.193975018
India,2005,107.464317818
India,2006,127.54883
India,2007,141.7579
India,2008,138.91222
India,2009,134.32603
India,2010,142.608495
India,2011,173.6209
India,2012,165.243975
India,2013,187.90142000000003
India,2014,202.03618999999998
India,2015,203.20763200000002
India,2016,208.207255
India,2017,234.90534599999998
India,2018,263.61972000000003
India,2019,303.159756
India,2020,315.67
India,2021,332.233223
India,2022,378.705716
India,2023,381.964583
Indonesia,1990,7.61986
Indonesia,1991,8.46063
Indonesia,1992,10.731219999999999
Indonesia,1993,9.98305
Indonesia,1994,9.58685
Indonesia,1995,10.505669999999999
Indonesia,1996,11.16724
Indonesia,1997,8.594
Indonesia,1998,13.65
Indonesia,1999,14.32051
Indonesia,2000,14.8884
Indonesia,2001,17.6896
Indonesia,2002,16.176299999999998
Indonesia,2003,15.4009
Indonesia,2004,16.3396
Indonesia,2005,17.34
Indonesia,2006,16.297
Indonesia,2007,18.32502
Indonesia,2008,19.865215
Indonesia,2009,20.714165
Indonesia,2010,26.864669999999997
Indonesia,2011,21.99725
Indonesia,2012,22.4874
Indonesia,2013,26.505899999999997
Indonesia,2014,25.4298
Indonesia,2015,24.267685
Indonesia,2016,29.94668
Indonesia,2017,32.01377
Indonesia,2018,48.364909999999995
Indonesia,2019,48.04478
Indonesia,2020,52.90147
Indonesia,2021,56.20112
Indonesia,2022,65.39273
Indonesia,2023,65.19437
Iran,1990,7.381
Iran,1991,5.607
Iran,1992,9.204
Iran,1993,10.533
Iran,1994,6.896
Iran,1995,8.323
Iran,1996,8.814
Iran,1997,5.941
Iran,1998,7.488
Iran,1999,5.178
Iran,2000,3.8175000000000003
Iran,2001,4.1556999999999995
Iran,2002,8.042300000000001
Iran,2003,9.615599999999999
Iran,2004,11.9793
Iran,2005,14.5189
Iran,2006,18.6344
Iran,2007,18.099999999999998
Iran,2008,7.6339999999999995
Iran,2009,6.9512
Iran,2010,10.4319
Iran,2011,10.9187
Iran,2012,12.808300000000001
Iran,2013,14.863000000000001
Iran,2014,14.751299999999999
Iran,2015,13.4108
Iran,2016,15.604800000000001
Iran,2017,17.660245
Iran,2018,10.834256
Iran,2019,35.108159
Iran,2020,24.937209999999997
Iran,2021,15.5638598
Iran,2022,15.969610014
Iran,2023,24.773319074
Iraq,1990,4.650264
Iraq,1991,2.145184
Iraq,1992,5.219066
Iraq,1993,6.161732
Iraq,1994,6.247761
Iraq,1995,7.119707
Iraq,1996,6.489375
Iraq,1997,6.608055
Iraq,1998,6.19756
Iraq,1999,3.55905
Iraq,2000,3.196577
Iraq,2001,3.701006
Iraq,2002,4.56004
Iraq,2003,4.7559
Iraq,2004,5.749923
Iraq,2005,4.893819
Iraq,2006,4.99076
Iraq,2007,4.56631
Iraq,2008,2.932036
Iraq,2009,2.83021
Iraq,2010,3.615072
Iraq,2011,3.399509
Iraq,2012,4.396909
Iraq,2013,4.655021
Iraq,2014,2.8925020000000004
Iraq,2015,2.603442
Iraq,2016,3.428539
Iraq,2017,2.233388
Iraq,2018,2.194247
Iraq,2019,5.339809
Iraq,2020,4.5392046200000005
Iraq,2021,3.7223260000000002
Iraq,2022,3.07290314
Iraq,2023,3.81005334
Ireland,1990,0.697
Ireland,1991,0.746
Ireland,1992,0.8220008999999999
Ireland,1993,0.7800027
Ireland,1994,0.93900342
Ireland,1995,0.72900288
Ireland,1996,0.76300738
Ireland,1997,0.8090235800000001
Ireland,1998,1.1700457100000001
Ireland,1999,1.12405003
Ireland,2000,1.18506102
Ireland,2001,1.02707759
Ireland,2002,1.38108442
Ireland,2003,1.13809718
Ireland,2004,1.3941375200000001
Ireland,2005,1.8736555400000001
Ireland,2006,2.47506202
Ireland,2007,2.7953369400000003
Ireland,2008,3.5876915
Ireland,2009,4.109262036
Ireland,2010,3.729929107
Ireland,2011,5.424428881
Ireland,2012,5.253521479
Ireland,2013,5.623480043000001
Ireland,2014,6.386835915
Ireland,2015,7.858528901000001
Ireland,2016,7.512016
Ireland,2017,8.880767
Ireland,2018,10.200052
Ireland,2019,11.794114999999998
Ireland,2020,13.459019
Ireland,2021,11.602166
Ireland,2022,13.071269000000001
Ireland,2023,13.877666909999999
Israel,1990,0.003
Israel,1991,0.006
Israel,1992,0.029
Israel,1993,0.026
Israel,1994,0.023
Israel,1995,0.025
Israel,1996,0.024
Israel,1997,0.025
Israel,1998,0.025
Israel,1999,0.033
Israel,2000,0.031
Israel,2001,0.02
Israel,2002,0.032
Israel,2003,0.043
Israel,2004,0.039
Israel,2005,0.039
Israel,2006,0.025
Israel,2007,0.024
Israel,2008,0.032
Israel,2009,0.099
Israel,2010,0.17
Israel,2011,0.30100000000000005
Israel,2012,0.484
Israel,2013,0.5616
Israel,2014,0.9566000000000001
Israel,2015,1.3175999999999999
Israel,2016,1.8128999999999997
Israel,2017,1.823
Israel,2018,2.0163
Israel,2019,3.3049
Israel,2020,4.366600001000001
Israel,2021,5.520800003000001
Israel,2022,6.400099998
Israel,2023,8.079899567
Italy,1990,34.902919192
Italy,1991,45.538878788
Italy,1992,45.766919192
Italy,1993,45.222838384
Italy,1994,48.239717172
Italy,1995,41.457636363999995
Italy,1996,46.221666666
Italy,1997,46.206
Italy,1998,46.477
Italy,1999,51.315000000000005
Italy,2000,50.88
Italy,2001,54.347
Italy,2002,48.316
Italy,2003,46.866
Italy,2004,53.871
Italy,2005,48.439
Italy,2006,50.635
Italy,2007,47.714999999999996
Italy,2008,58.163
Italy,2009,69.2567
Italy,2010,76.96459999999999
Italy,2011,82.96180000000001
Italy,2012,92.2224
Italy,2013,112.00890000000001
Italy,2014,120.67840000000001
Italy,2015,108.9043
Italy,2016,108.0222
Italy,2017,103.89774
Italy,2018,114.453
Italy,2019,115.8849
Italy,2020,116.996823
Italy,2021,116.3391
Italy,2022,100.4661
Italy,2023,113.99148
Japan,1990,98.236126
Japan,1991,106.067857
Japan,1992,91.90661700000001
Japan,1993,104.162831596
Japan,1994,77.964493596
Japan,1995,93.128605596
Japan,1996,92.47710619200001
Japan,1997,102.974890441
Japan,1998,105.401944957
Japan,1999,100.533198635
Japan,2000,101.03214373
Japan,2001,98.31747923
Japan,2002,98.64693
Japan,2003,112.13441999999999
Japan,2004,112.43207720000001
Japan,2005,102.7875883
Japan,2006,114.46564000000001
Japan,2007,101.7602076
Japan,2008,101.9963463
Japan,2009,97.2647848
Japan,2010,118.2369118
Japan,2011,113.49014500000001
Japan,2012,111.32929200000001
Japan,2013,120.55022
Japan,2014,133.898398
Japan,2015,154.01326749999998
Japan,2016,151.763182
Japan,2017,163.31058030000003
Japan,2018,175.33460350000001
Japan,2019,176.400923
Japan,2020,193.031151
Japan,2021,208.13822100000002
Japan,2022,213.184518
Japan,2023,223.54720499999996
Kazakhstan,1990,7.366
Kazakhstan,1991,7.2
Kazakhstan,1992,6.866
Kazakhstan,1993,7.629
Kazakhstan,1994,9.179
Kazakhstan,1995,8.331
Kazakhstan,1996,7.331
Kazakhstan,1997,6.499
Kazakhstan,1998,6.141
Kazakhstan,1999,6.132
Kazakhstan,2000,7.5310507
Kazakhstan,2001,8.081139
Kazakhstan,2002,8.889543
Kazakhstan,2003,8.62454
Kazakhstan,2004,8.056666
Kazakhstan,2005,7.85597
Kazakhstan,2006,7.7680697
Kazakhstan,2007,8.171407
Kazakhstan,2008,7.459829
Kazakhstan,2009,6.8791046
Kazakhstan,2010,8.022023
Kazakhstan,2011,7.8834697
Kazakhstan,2012,7.6399517
Kazakhstan,2013,7.7360991
Kazakhstan,2014,8.2773352
Kazakhstan,2015,9.4475603
Kazakhstan,2016,11.986009899999999
Kazakhstan,2017,11.6447384
Kazakhstan,2018,10.9053431
Kazakhstan,2019,11.0969804
Kazakhstan,2020,11.932304
Kazakhstan,2021,12.5867663
Kazakhstan,2022,13.2884417
Kazakhstan,2023,14.408420398
Kuwait,1990,0.0
Kuwait,1991,0.0
Kuwait,1992,0.0
Kuwait,1993,0.0
Kuwait,1994,0.0
Kuwait,1995,0.0
Kuwait,1996,0.0
Kuwait,1997,0.0
Kuwait,1998,0.0
Kuwait,1999,0.0
Kuwait,2000,0.0
Kuwait,2001,0.0
Kuwait,2002,0.0
Kuwait,2003,0.0
Kuwait,2004,0.0
Kuwait,2005,0.0
Kuwait,2006,0.0
Kuwait,2007,0.0
Kuwait,2008,0.0
Kuwait,2009,0.0
Kuwait,2010,0.0
Kuwait,2011,0.0
Kuwait,2012,0.0
Kuwait,2013,0.000182
Kuwait,2014,0.003278
Kuwait,2015,0.00509
Kuwait,2016,0.048814
Kuwait,2017,0.053214
Kuwait,2018,0.055174
Kuwait,2019,0.06218
Kuwait,2020,0.06346538
Kuwait,2021,0.2140706
Kuwait,2022,0.17909687000000002
Kuwait,2023,0.1643015
Latvia,1990,4.496
Latvia,1991,3.275
Latvia,1992,2.521
Latvia,1993,2.876
Latvia,1994,3.305
Latvia,1995,2.937
Latvia,1996,1.861
Latvia,1997,2.9549999999999996
Latvia,1998,4.318
Latvia,1999,2.759
Latvia,2000,2.824
Latvia,2001,2.839
Latvia,2002,2.485
Latvia,2003,2.338
Latvia,2004,3.196
Latvia,2005,3.415
Latvia,2006,2.787
Latvia,2007,2.8280000000000003
Latvia,2008,3.212
Latvia,2009,3.553
Latvia,2010,3.6350000000000002
Latvia,2011,3.0782
Latvia,2012,4.0962000000000005
Latvia,2013,3.5332
Latvia,2014,2.7641999999999998
Latvia,2015,2.7842000000000002
Latvia,2016,3.482382
Latvia,2017,5.4617
Latvia,2018,3.498595
Latvia,2019,3.19211
Latvia,2020,3.649529
Latvia,2021,3.717823
Latvia,2022,3.78263
Latvia,2023,4.73893085
Lithuania,1990,0.414
Lithuania,1991,0.338
Lithuania,1992,0.311
Lithuania,1993,0.393
Lithuania,1994,0.452
Lithuania,1995,0.373
Lithuania,1996,0.326
Lithuania,1997,0.295
Lithuania,1998,0.417
Lithuania,1999,0.414
Lithuania,2000,0.3393
Lithuania,2001,0.3275
Lithuania,2002,0.3572
Lithuania,2003,0.3321
Lithuania,2004,0.42769999999999997
Lithuania,2005,0.45949999999999996
Lithuania,2006,0.4358
Lithuania,2007,0.5807
Lithuania,2008,0.602
Lithuania,2009,0.6839999999999999
Lithuania,2010,0.911
Lithuania,2011,1.112
Lithuania,2012,1.1827
Lithuania,2013,1.5257
Lithuania,2014,1.5101
Lithuania,2015,1.6797
Lithuania,2016,2.0956
Lithuania,2017,2.5378
Lithuania,2018,2.2056
Lithuania,2019,2.4691
Lithuania,2020,2.5751
Lithuania,2021,2.6217
Lithuania,2022,3.0272
Lithuania,2023,3.79865603
Lower-middle-income countries,1990,140.75690933
Lower-middle-income countries,1991,148.367521
Lower-middle-income countries,1992,145.6082617
Lower-middle-income countries,1993,155.8972993
Lower-middle-income countries,1994,166.5756754
Lower-middle-income countries,1995,164.023915401
Lower-middle-income countries,1996,162.605289306
Lower-middle-income countries,1997,155.265586606
Lower-middle-income countries,1998,183.057588606
Lower-middle-income countries,1999,183.791879506
Lower-middle-income countries,2000,172.7547517074
Lower-middle-income countries,2001,173.17468820699997
Lower-middle-income countries,2002,172.267698235
Lower-middle-income countries,2003,182.19571542
Lower-middle-income countries,2004,222.5416759
Lower-middle-income countries,2005,225.955403164
Lower-middle-income countries,2006,255.622977791
Lower-middle-income countries,2007,270.82984847
Lower-middle-income countries,2008,259.40959714
Lower-middle-income countries,2009,261.36057582
Lower-middle-income countries,2010,276.10866248
Lower-middle-income countries,2011,316.643103
Lower-middle-income countries,2012,302.7065561
Lower-middle-income countries,2013,360.886384
Lower-middle-income countries,2014,372.456262
Lower-middle-income countries,2015,368.7185553
Lower-middle-income countries,2016,389.323423
Lower-middle-income countries,2017,441.49354800000003
Lower-middle-income countries,2018,466.88266699999997
Lower-middle-income countries,2019,527.14737
Lower-middle-income countries,2020,552.959469
Lower-middle-income countries,2021,592.133898
Lower-middle-income countries,2022,658.493532
Lower-middle-income countries,2023,667.5554970000001
Luxembourg,1990,0.08250500000000001
Luxembourg,1991,0.09797600000000001
Luxembourg,1992,0.08177000000000001
Luxembourg,1993,0.081712
Luxembourg,1994,0.10107999999999999
Luxembourg,1995,0.10749299999999999
Luxembourg,1996,0.075448
Luxembourg,1997,0.10291900000000001
Luxembourg,1998,0.143068
Luxembourg,1999,0.12185
Luxembourg,2000,0.17063899999999999
Luxembourg,2001,0.167691
Luxembourg,2002,0.151284
Luxembourg,2003,0.14113799999999999
Luxembourg,2004,0.195231
Luxembourg,2005,0.209051
Luxembourg,2006,0.245628
Luxembourg,2007,0.264556
Luxembourg,2008,0.282382
Luxembourg,2009,0.267812
Luxembourg,2010,0.26803200000000005
Luxembourg,2011,0.24577300000000002
Luxembourg,2012,0.308056
Luxembourg,2013,0.37017100000000003
Luxembourg,2014,0.39763
Luxembourg,2015,0.43078599999999995
Luxembourg,2016,0.457203
Luxembourg,2017,0.600388
Luxembourg,2018,0.68325
Luxembourg,2019,0.796712
Luxembourg,2020,0.9762879999999999
Luxembourg,2021,0.9898440000000001
Luxembourg,2022,1.011287
Luxembourg,2023,1.06164357
Malaysia,1990,4.026689
Malaysia,1991,4.4493155
Malaysia,1992,4.286
Malaysia,1993,4.853
Malaysia,1994,6.483
Malaysia,1995,6.218
Malaysia,1996,5.184
Malaysia,1997,4.173
Malaysia,1998,4.457
Malaysia,1999,7.552
Malaysia,2000,7.564903
Malaysia,2001,6.6400939999999995
Malaysia,2002,5.8194
Malaysia,2003,5.5065
Malaysia,2004,6.149360000000001
Malaysia,2005,6.5995
Malaysia,2006,6.946964
Malaysia,2007,6.716773
Malaysia,2008,8.603761
Malaysia,2009,8.283368
Malaysia,2010,7.6239545
Malaysia,2011,9.593535
Malaysia,2012,10.7596624
Malaysia,2013,13.04329
Malaysia,2014,14.308
Malaysia,2015,14.948
Malaysia,2016,21.094
Malaysia,2017,27.941
Malaysia,2018,28.308
Malaysia,2019,28.791
Malaysia,2020,30.592
Malaysia,2021,33.740508999999996
Malaysia,2022,35.769923999999996
Malaysia,2023,35.978193000000005
Mexico,1990,29.606944000000002
Mexico,1991,28.4607754
Mexico,1992,33.183217
Mexico,1993,33.1596906
Mexico,1994,26.499845399999998
Mexico,1995,34.0251105
Mexico,1996,37.532832
Mexico,1997,32.2633434
Mexico,1998,30.753531
Mexico,1999,38.7963214
Mexico,2000,39.459525
Mexico,2001,34.708827
Mexico,2002,30.96165
Mexico,2003,26.828917800000003
Mexico,2004,32.467228
Mexico,2005,35.874965
Mexico,2006,37.9888607
Mexico,2007,35.846587
Mexico,2008,47.394065
Mexico,2009,34.892427760000004
Mexico,2010,46.466290099999995
Mexico,2011,45.923215400000004
Mexico,2012,43.059792
Mexico,2013,40.121745000000004
Mexico,2014,53.636906100000004
Mexico,2015,48.2360865
Mexico,2016,48.977756119999995
Mexico,2017,50.777206699999994
Mexico,2018,55.242452
Mexico,2019,57.506301699999995
Mexico,2020,69.3652804
Mexico,2021,82.09325899999999
Mexico,2022,83.12626
Mexico,2023,76.2935157
Middle Africa (EI),1990,10.291
Middle Africa (EI),1991,9.984
Middle Africa (EI),1992,10.828999999999999
Middle Africa (EI),1993,10.220999999999998
Middle Africa (EI),1994,9.741
Middle Africa (EI),1995,10.84
Middle Africa (EI),1996,10.874
Middle Africa (EI),1997,10.145
Middle Africa (EI),1998,9.932
Middle Africa (EI),1999,10.336
Middle Africa (EI),2000,11.376942999999999
Middle Africa (EI),2001,11.635092
Middle Africa (EI),2002,11.747392
Middle Africa (EI),2003,12.161149
Middle Africa (EI),2004,14.091299999999999
Middle Africa (EI),2005,14.502442
Middle Africa (EI),2006,16.333242
Middle Africa (EI),2007,15.245441999999999
Middle Africa (EI),2008,16.316442000000002
Middle Africa (EI),2009,16.238841999999998
Middle Africa (EI),2010,16.90332
Middle Africa (EI),2011,17.203591
Middle Africa (EI),2012,17.015811000000003
Middle Africa (EI),2013,19.440927
Middle Africa (EI),2014,20.869302
Middle Africa (EI),2015,21.090994
Middle Africa (EI),2016,22.143684
Middle Africa (EI),2017,25.055633
Middle Africa (EI),2018,28.213685
Middle Africa (EI),2019,29.746979
Middle Africa (EI),2020,32.418967
Middle Africa (EI),2021,32.92966
Middle Africa (EI),2022,33.34215125
Middle Africa (EI),2023,34.43035903
Middle East (EI),1990,15.274263999999999
Middle East (EI),1991,11.010183999999999
Middle East (EI),1992,17.828066
Middle East (EI),1993,20.047732
Middle East (EI),1994,16.55076
Middle East (EI),1995,18.653706
Middle East (EI),1996,18.699376
Middle East (EI),1997,15.930055
Middle East (EI),1998,17.21356
Middle East (EI),1999,11.83905
Middle East (EI),2000,10.764677
Middle East (EI),2001,11.669496
Middle East (EI),2002,16.873181
Middle East (EI),2003,18.533183
Middle East (EI),2004,23.149760999999998
Middle East (EI),2005,24.009102000000002
Middle East (EI),2006,28.399722999999998
Middle East (EI),2007,26.870912
Middle East (EI),2008,13.920042
Middle East (EI),2009,12.441785
Middle East (EI),2010,17.7505755
Middle East (EI),2011,18.81926
Middle East (EI),2012,22.2477196
Middle East (EI),2013,24.572498000000003
Middle East (EI),2014,21.7195205
Middle East (EI),2015,19.086641
Middle East (EI),2016,23.872616
Middle East (EI),2017,25.58862
Middle East (EI),2018,20.5100341
Middle East (EI),2019,53.5399764
Middle East (EI),2020,46.6379996
Middle East (EI),2021,40.92067583
Middle East (EI),2022,46.96958094
Middle East (EI),2023,68.9092019
Morocco,1990,1.22
Morocco,1991,1.226
Morocco,1992,0.964
Morocco,1993,0.443
Morocco,1994,0.84
Morocco,1995,0.611
Morocco,1996,1.957
Morocco,1997,2.083
Morocco,1998,1.777
Morocco,1999,0.825
Morocco,2000,0.782
Morocco,2001,1.0681
Morocco,2002,1.0360010099999999
Morocco,2003,1.6446127099999999
Morocco,2004,1.7903010099999999
Morocco,2005,1.17110101
Morocco,2006,1.16580101
Morocco,2007,1.1810010100000001
Morocco,2008,1.21410101
Morocco,2009,2.95950101
Morocco,2010,4.12670101
Morocco,2011,2.69770101
Morocco,2012,2.359101283
Morocco,2013,4.00000101
Morocco,2014,3.56130101
Morocco,2015,4.4101
Morocco,2016,4.6573
Morocco,2017,4.634912
Morocco,2018,6.484341
Morocco,2019,7.543433
Morocco,2020,6.979361760000001
Morocco,2021,7.74518346
Morocco,2022,7.153838
Morocco,2023,8.81911148
Netherlands,1990,0.811
Netherlands,1991,0.942
Netherlands,1992,1.02
Netherlands,1993,1.1300000000000001
Netherlands,1994,1.27701
Netherlands,1995,1.4229999999999998
Netherlands,1996,1.8350000000000002
Netherlands,1997,2.032
Netherlands,1998,2.346091
Netherlands,1999,2.5288570000000004
Netherlands,2000,2.9922969999999998
Netherlands,2001,3.3134179999999995
Netherlands,2002,3.9794280000000004
Netherlands,2003,3.9682970000000006
Netherlands,2004,5.320778
Netherlands,2005,7.465918
Netherlands,2006,8.068422
Netherlands,2007,7.605994
Netherlands,2008,9.480115
Netherlands,2009,10.835999
Netherlands,2010,11.214723
Netherlands,2011,12.341074
Netherlands,2012,12.543575
Netherlands,2013,12.21136
Netherlands,2014,11.707203
Netherlands,2015,13.686937
Netherlands,2016,14.781194
Netherlands,2017,17.438536
Netherlands,2018,18.881842000000002
Netherlands,2019,22.803190999999998
Netherlands,2020,32.729486
Netherlands,2021,40.355689999999996
Netherlands,2022,48.315234000000004
Netherlands,2023,58.162087
New Zealand,1990,26.1382456
New Zealand,1991,26.0162933
New Zealand,1992,24.162679808999997
New Zealand,1993,26.711970159
New Zealand,1994,28.912732501
New Zealand,1995,30.560329701
New Zealand,1996,29.142708063
New Zealand,1997,26.318188256
New Zealand,1998,28.649313896000002
New Zealand,1999,26.51474373
New Zealand,2000,28.296062584999998
New Zealand,2001,25.34990638
New Zealand,2002,28.39550857
New Zealand,2003,27.045971469999998
New Zealand,2004,30.99632945
New Zealand,2005,27.7494844
New Zealand,2006,28.2669945
New Zealand,2007,28.832157135
New Zealand,2008,28.302253316
New Zealand,2009,31.280063762999998
New Zealand,2010,32.976256325
New Zealand,2011,34.009395069
New Zealand,2012,32.167353849
New Zealand,2013,32.635917359000004
New Zealand,2014,34.910997714000004
New Zealand,2015,35.890268433
New Zealand,2016,37.27853789
New Zealand,2017,36.321465634
New Zealand,2018,37.32186367
New Zealand,2019,36.9642066
New Zealand,2020,35.748321919999995
New Zealand,2021,36.26154484
New Zealand,2022,38.61941344
New Zealand,2023,39.05927415000001
Non-OECD (EI),1990,941.238397333
Non-OECD (EI),1991,976.85051591
Non-OECD (EI),1992,990.85266513
Non-OECD (EI),1993,1047.10316165
Non-OECD (EI),1994,1106.6309023
Non-OECD (EI),1995,1151.149157301
Non-OECD (EI),1996,1149.464379706
Non-OECD (EI),1997,1172.2445796069999
Non-OECD (EI),1998,1228.030797806
Non-OECD (EI),1999,1239.574747616
Non-OECD (EI),2000,1286.4858189459999
Non-OECD (EI),2001,1323.54909794
Non-OECD (EI),2002,1349.77908448
Non-OECD (EI),2003,1374.57406737
Non-OECD (EI),2004,1543.94794423
Non-OECD (EI),2005,1632.17756609
Non-OECD (EI),2006,1731.83370485
Non-OECD (EI),2007,1831.57272892
Non-OECD (EI),2008,1978.50108755
Non-OECD (EI),2009,2021.1936021000001
Non-OECD (EI),2010,2213.5033446
Non-OECD (EI),2011,2282.4476725000004
Non-OECD (EI),2012,2479.6686
Non-OECD (EI),2013,2678.4725869999997
Non-OECD (EI),2014,2878.43728
Non-OECD (EI),2015,2969.693054
Non-OECD (EI),2016,3205.95183
Non-OECD (EI),2017,3442.06912
Non-OECD (EI),2018,3730.9757
Non-OECD (EI),2019,3989.9485
Non-OECD (EI),2020,4240.09904
Non-OECD (EI),2021,4587.975259999999
Non-OECD (EI),2022,4985.8764200000005
Non-OECD (EI),2023,5312.42484
North America,1990,685.06484194
North America,1991,693.7443468
North America,1992,675.2655219000001
North America,1993,712.7373705199999
North America,1994,691.93721164
North America,1995,755.5820964999999
North America,1996,818.6258378
North America,1997,817.2283620999999
North America,1998,764.8156863
North America,1999,784.7432625399999
North America,2000,753.8824173
North America,2001,663.4292152999999
North America,2002,734.73437146
North America,2003,729.56251776
North America,2004,734.5860126
North America,2005,769.8430992499999
North America,2006,792.0560577
North America,2007,771.6092669
North America,2008,821.992847
North America,2009,844.0136286
North America,2010,851.2587598
North America,2011,964.027004
North America,2012,952.8723170000001
North America,2013,993.125286
North America,2014,1017.4353229999999
North America,2015,1036.44191
North America,2016,1116.46315
North America,2017,1211.837345
North America,2018,1235.76159
North America,2019,1261.61782
North America,2020,1343.14356
North America,2021,1396.50533
North America,2022,1511.7803599999997
North America,2023,1479.09596
North America (EI),1990,682.17399694
North America (EI),1991,691.05951076
North America (EI),1992,672.4505219
North America (EI),1993,709.93863932
North America (EI),1994,689.82943364
North America (EI),1995,753.4811488
North America (EI),1996,815.90484225
North America (EI),1997,814.8272706
North America (EI),1998,761.9700892
North America (EI),1999,781.0501065000001
North America (EI),2000,750.9295027000001
North America (EI),2001,660.7007488
North America (EI),2002,731.7275583999999
North America (EI),2003,726.3125648
North America (EI),2004,731.1141366
North America (EI),2005,766.3357586
North America (EI),2006,788.61666815
North America (EI),2007,768.2993356
North America (EI),2008,818.8449985999999
North America (EI),2009,840.6739103
North America (EI),2010,848.086272
North America (EI),2011,960.6209592
North America (EI),2012,948.780321
North America (EI),2013,988.3808760000001
North America (EI),2014,1013.397964
North America (EI),2015,1032.5385059999999
North America (EI),2016,1111.926974
North America (EI),2017,1206.13292
North America (EI),2018,1230.08389
North America (EI),2019,1255.67242
North America (EI),2020,1336.45531
North America (EI),2021,1389.027784
North America (EI),2022,1504.0187299999998
North America (EI),2023,1471.119765
North Macedonia,1990,0.491
North Macedonia,1991,0.848
North Macedonia,1992,0.848
North Macedonia,1993,0.522
North Macedonia,1994,0.695
North Macedonia,1995,0.801
North Macedonia,1996,0.85
North Macedonia,1997,0.9
North Macedonia,1998,1.083
North Macedonia,1999,1.389
North Macedonia,2000,1.17
North Macedonia,2001,0.626
North Macedonia,2002,0.757
North Macedonia,2003,1.374
North Macedonia,2004,1.482
North Macedonia,2005,1.492
North Macedonia,2006,1.65
North Macedonia,2007,1.01
North Macedonia,2008,0.84
North Macedonia,2009,1.27
North Macedonia,2010,2.431026
North Macedonia,2011,1.4341730000000001
North Macedonia,2012,1.043836
North Macedonia,2013,1.5930179999999998
North Macedonia,2014,1.291666
North Macedonia,2015,2.028779
North Macedonia,2016,2.066561
North Macedonia,2017,1.296061
North Macedonia,2018,1.965544
North Macedonia,2019,1.3438084360000002
North Macedonia,2020,1.475487914
North Macedonia,2021,1.659776276
North Macedonia,2022,1.5810600000000001
North Macedonia,2023,2.1532929999999997
Norway,1990,121.35799999999999
Norway,1991,110.343
Norway,1992,116.89800000000001
Norway,1993,119.483
Norway,1994,111.922
Norway,1995,121.82900000000001
Norway,1996,104.17399999999999
Norway,1997,110.027
Norway,1998,115.98400000000001
Norway,1999,121.75
Norway,2000,142.11030000000002
Norway,2001,120.7503
Norway,2002,129.7023
Norway,2003,106.0342
Norway,2004,109.3982
Norway,2005,136.5262
Norway,2006,120.4001
Norway,2007,134.9411
Norway,2008,140.3614
Norway,2009,126.4947
Norway,2010,117.9751
Norway,2011,121.9095
Norway,2012,143.6069
Norway,2013,130.4248
Norway,2014,137.9477
Norway,2015,140.08339999999998
Norway,2016,145.1798
Norway,2017,145.51896100000002
Norway,2018,143.113194
Norway,2019,131.172585
Norway,2020,151.2082915
Norway,2021,155.45663365000001
Norway,2022,142.95762282
Norway,2023,150.8932461
OECD (EI),1990,1338.62557706
OECD (EI),1991,1358.5458226
OECD (EI),1992,1353.82078782
OECD (EI),1993,1435.9580425
OECD (EI),1994,1397.6800473
OECD (EI),1995,1487.79210906
OECD (EI),1996,1527.96906536
OECD (EI),1997,1563.3008112
OECD (EI),1998,1537.86142636
OECD (EI),1999,1559.67401725
OECD (EI),2000,1577.5012317
OECD (EI),2001,1486.8671314
OECD (EI),2002,1537.2097616
OECD (EI),2003,1532.2334605
OECD (EI),2004,1597.2107473
OECD (EI),2005,1643.32872
OECD (EI),2006,1701.682491
OECD (EI),2007,1715.3942914000002
OECD (EI),2008,1823.0762220000001
OECD (EI),2009,1862.29497
OECD (EI),2010,1976.3536800000002
OECD (EI),2011,2115.196266
OECD (EI),2012,2225.94392
OECD (EI),2013,2349.80252
OECD (EI),2014,2419.1507
OECD (EI),2015,2542.92224
OECD (EI),2016,2654.83989
OECD (EI),2017,2799.4384099999997
OECD (EI),2018,2935.8233899999996
OECD (EI),2019,3045.0393999999997
OECD (EI),2020,3271.7764800000004
OECD (EI),2021,3368.2789000000002
OECD (EI),2022,3544.2288500000004
OECD (EI),2023,3675.9694
Oceania,1990,41.657242600000004
Oceania,1991,42.394745300000004
Oceania,1992,40.786276908999994
Oceania,1993,43.785569259
Oceania,1994,45.7821326013
Oceania,1995,47.0449778015
Oceania,1996,46.090308062999995
Oceania,1997,43.305839256999995
Oceania,1998,45.581911995999995
Oceania,1999,44.01334393
Oceania,2000,45.832809499999996
Oceania,2001,42.6120596
Oceania,2002,46.3491578
Oceania,2003,45.715571340000004
Oceania,2004,50.3661814
Oceania,2005,48.4692845
Oceania,2006,49.404196
Oceania,2007,49.121956695
Oceania,2008,47.41115231
Oceania,2009,51.43690388
Oceania,2010,55.1264548
Oceania,2011,64.6318944
Oceania,2012,62.438203
Oceania,2013,68.16296600000001
Oceania,2014,67.6703615
Oceania,2015,71.6834268
Oceania,2016,79.0149497
Oceania,2017,75.511213
Oceania,2018,86.815411
Oceania,2019,92.221
Oceania,2020,100.0311335
Oceania,2021,113.537956
Oceania,2022,126.061159
Oceania,2023,134.308384
Oman,1990,0.0
Oman,1991,0.0
Oman,1992,0.0
Oman,1993,0.0
Oman,1994,0.0
Oman,1995,0.0
Oman,1996,0.0
Oman,1997,0.0
Oman,1998,0.0
Oman,1999,0.0
Oman,2000,0.0
Oman,2001,0.0
Oman,2002,0.0
Oman,2003,0.0
Oman,2004,0.0
Oman,2005,0.0
Oman,2006,0.0
Oman,2007,0.0
Oman,2008,0.0
Oman,2009,0.0
Oman,2010,0.0
Oman,2011,0.0
Oman,2012,0.0
Oman,2013,0.0012
Oman,2014,0.0012
Oman,2015,0.0037
Oman,2016,0.004196
Oman,2017,0.01556
Oman,2018,0.015712
Oman,2019,0.025255
Oman,2020,0.159962
Oman,2021,0.802594
Oman,2022,1.558143
Oman,2023,1.5955906
Pakistan,1990,17.0854
Pakistan,1991,18.283058
Pakistan,1992,19.944752
Pakistan,1993,21.933483
Pakistan,1994,21.526897
Pakistan,1995,22.746653
Pakistan,1996,24.797253
Pakistan,1997,18.446575
Pakistan,1998,24.107826
Pakistan,1999,21.5048
Pakistan,2000,18.484977
Pakistan,2001,19.163997
Pakistan,2002,21.378427
Pakistan,2003,25.6386
Pakistan,2004,27.2924
Pakistan,2005,30.699635
Pakistan,2006,30.250881
Pakistan,2007,31.678938000000002
Pakistan,2008,27.340706
Pakistan,2009,28.755348
Pakistan,2010,29.823338000000003
Pakistan,2011,30.62125
Pakistan,2012,10.831467
Pakistan,2013,31.78220364
Pakistan,2014,32.92779487
Pakistan,2015,33.83957907
Pakistan,2016,36.47589644
Pakistan,2017,33.701076799999996
Pakistan,2018,34.064771300000004
Pakistan,2019,40.60275566
Pakistan,2020,44.0635779
Pakistan,2021,42.48609945
Pakistan,2022,40.95125455
Pakistan,2023,43.68543064
Peru,1990,10.604999999999999
Peru,1991,11.625
Peru,1992,9.822
Peru,1993,11.908
Peru,1994,12.866
Peru,1995,13.0796
Peru,1996,13.461
Peru,1997,13.3691
Peru,1998,13.9348
Peru,1999,14.6802
Peru,2000,16.3349
Peru,2001,17.779
Peru,2002,18.2273
Peru,2003,18.7309
Peru,2004,17.6795
Peru,2005,18.3262
Peru,2006,19.9435
Peru,2007,19.967
Peru,2008,19.5208
Peru,2009,20.365000000000002
Peru,2010,20.7263
Peru,2011,22.233500000000003
Peru,2012,22.7608
Peru,2013,23.477700000000002
Peru,2014,23.9585
Peru,2015,25.418692439999997
Peru,2016,25.75542258
Peru,2017,30.912577
Peru,2018,33.528151
Peru,2019,34.40461112
Peru,2020,33.608704
Peru,2021,35.12301944
Peru,2022,33.0654973
Peru,2023,32.9591623
Philippines,1990,11.95776
Philippines,1991,10.902999999999999
Philippines,1992,10.14
Philippines,1993,10.697
Philippines,1994,12.182
Philippines,1995,12.367
Philippines,1996,13.564
Philippines,1997,13.306000000000001
Philippines,1998,13.98
Philippines,1999,18.433999999999997
Philippines,2000,19.425
Philippines,2001,17.546
Philippines,2002,17.275466
Philippines,2003,17.692264
Philippines,2004,18.874231
Philippines,2005,18.308202
Philippines,2006,20.459303000000002
Philippines,2007,18.837272
Philippines,2008,20.628004
Philippines,2009,20.190804
Philippines,2010,17.822798
Philippines,2011,19.844552
Philippines,2012,20.761602
Philippines,2013,19.902948000000002
Philippines,2014,19.809654000000002
Philippines,2015,20.963175999999997
Philippines,2016,21.979458
Philippines,2017,23.188735
Philippines,2018,23.344059
Philippines,2019,22.0625487
Philippines,2020,21.6558572
Philippines,2021,23.463981
Philippines,2022,24.7557781
Philippines,2023,25.7369781
Poland,1990,1.472
Poland,1991,1.508
Poland,1992,1.6179999999999999
Poland,1993,1.549
Poland,1994,1.784
Poland,1995,1.955
Poland,1996,2.064
Poland,1997,2.132
Poland,1998,2.5330000000000004
Poland,1999,2.352
Poland,2000,2.332
Poland,2001,2.7830000000000004
Poland,2002,2.767
Poland,2003,2.25
Poland,2004,3.0744
Poland,2005,3.8468
Poland,2006,4.2908
Poland,2007,5.429499999999999
Poland,2008,6.606999999999999
Poland,2009,8.6783
Poland,2010,10.8885
Poland,2011,13.138000000000002
Poland,2012,16.8794
Poland,2013,17.0666
Poland,2014,19.845
Poland,2015,22.486000000000004
Poland,2016,22.807999999999996
Poland,2017,24.122
Poland,2018,21.616999999999997
Poland,2019,25.458832
Poland,2020,28.226561999999998
Poland,2021,30.568451000000003
Poland,2022,37.68857800000001
Poland,2023,46.44113
Portugal,1990,9.850959596
Portugal,1991,9.856959596
Portugal,1992,5.536838384
Portugal,1993,9.453555556
Portugal,1994,11.642
Portugal,1995,9.389
Portugal,1996,15.790999999999999
Portugal,1997,14.231
Portugal,1998,14.1524
Portugal,1999,8.6482
Portugal,2000,12.868400000000001
Portugal,2001,15.7416
Portugal,2002,9.7328
Portugal,2003,17.7056
Portugal,2004,12.3189
Portugal,2005,8.229800000000001
Portugal,2006,15.638
Portugal,2007,16.171
Portugal,2008,14.641
Portugal,2009,18.293
Portugal,2010,28.356
Portugal,2011,24.113
Portugal,2012,19.372
Portugal,2013,29.4713243
Portugal,2014,31.5620808
Portugal,2015,24.371865300000003
Portugal,2016,32.261
Portugal,2017,22.573999999999998
Portugal,2018,29.401000000000003
Portugal,2019,27.405
Portugal,2020,30.105470599999997
Portugal,2021,31.5458683
Portugal,2022,27.619
Portugal,2023,34.274
Qatar,1990,0.0
Qatar,1991,0.0
Qatar,1992,0.0
Qatar,1993,0.0
Qatar,1994,0.0
Qatar,1995,0.0
Qatar,1996,0.0
Qatar,1997,0.0
Qatar,1998,0.0
Qatar,1999,0.0
Qatar,2000,0.0
Qatar,2001,0.0
Qatar,2002,0.0
Qatar,2003,0.0
Qatar,2004,0.0
Qatar,2005,0.0
Qatar,2006,0.0
Qatar,2007,0.0
Qatar,2008,0.0
Qatar,2009,0.0
Qatar,2010,0.0
Qatar,2011,0.010634999999999999
Qatar,2012,0.010634999999999999
Qatar,2013,0.08023100000000001
Qatar,2014,0.10832
Qatar,2015,0.125841
Qatar,2016,0.13114
Qatar,2017,0.13730900000000001
Qatar,2018,0.14288900000000002
Qatar,2019,0.125939
Qatar,2020,0.14275200000000002
Qatar,2021,0.142361968
Qatar,2022,0.40569568
Qatar,2023,1.454752
Romania,1990,11.413062733
Romania,1991,14.588
Romania,1992,11.702
Romania,1993,12.769
Romania,1994,13.046
Romania,1995,16.693
Romania,1996,15.755
Romania,1997,17.52
Romania,1998,18.89
Romania,1999,18.29
Romania,2000,14.778
Romania,2001,14.923
Romania,2002,16.049
Romania,2003,13.262
Romania,2004,16.517000000000003
Romania,2005,20.213
Romania,2006,18.361
Romania,2007,16.003999999999998
Romania,2008,17.224
Romania,2009,15.554010101000001
Romania,2010,20.302020201999998
Romania,2011,16.314
Romania,2012,14.926000000000002
Romania,2013,19.9855
Romania,2014,25.0474
Romania,2015,26.201999999999998
Romania,2016,26.968999999999998
Romania,2017,24.282168
Romania,2018,26.19403
Romania,2019,24.636065000000002
Romania,2020,24.605394000000004
Romania,2021,26.343733
Romania,2022,23.609054999999998
Romania,2023,28.01270032
Russia,1990,166.91061
Russia,1991,168.159
Russia,1992,172.65699999999998
Russia,1993,174.349
Russia,1994,175.987
Russia,1995,176.3142
Russia,1996,154.36599999999999
Russia,1997,157.49099999999999
Russia,1998,158.555
Russia,1999,160.54999999999998
Russia,2000,164.15699999999998
Russia,2001,174.0162
Russia,2002,162.3535
Russia,2003,156.0444
Russia,2004,176.13379999999998
Russia,2005,173.0691
Russia,2006,173.7959
Russia,2007,177.53609999999998
Russia,2008,165.2741
Russia,2009,174.70020000000002
Russia,2010,167.0248
Russia,2011,163.619
Russia,2012,163.96661150699998
Russia,2013,181.64790000000002
Russia,2014,174.205006
Russia,2015,168.958307
Russia,2016,185.6744395
Russia,2017,186.365528
Russia,2018,192.003836
Russia,2019,196.214549
Russia,2020,216.25319900000002
Russia,2021,220.2492443
Russia,2022,205.108039
Russia,2023,209.09747529999999
Saudi Arabia,1990,0.0
Saudi Arabia,1991,0.0
Saudi Arabia,1992,0.0
Saudi Arabia,1993,0.0
Saudi Arabia,1994,0.0
Saudi Arabia,1995,0.0
Saudi Arabia,1996,0.0
Saudi Arabia,1997,0.0
Saudi Arabia,1998,0.0
Saudi Arabia,1999,0.0
Saudi Arabia,2000,0.0
Saudi Arabia,2001,0.0
Saudi Arabia,2002,0.0
Saudi Arabia,2003,0.0
Saudi Arabia,2004,0.0
Saudi Arabia,2005,0.0
Saudi Arabia,2006,0.0
Saudi Arabia,2007,0.0
Saudi Arabia,2008,0.000609
Saudi Arabia,2009,0.000609
Saudi Arabia,2010,0.004089
Saudi Arabia,2011,0.005392
Saudi Arabia,2012,0.025637
Saudi Arabia,2013,0.042475
Saudi Arabia,2014,0.045881
Saudi Arabia,2015,0.045881
Saudi Arabia,2016,0.045881
Saudi Arabia,2017,0.069854
Saudi Arabia,2018,0.16430615999999998
Saudi Arabia,2019,0.21243062000000001
Saudi Arabia,2020,0.21299703
Saudi Arabia,2021,0.836094883
Saudi Arabia,2022,2.2813613999999998
Saudi Arabia,2023,5.769243400000001
Singapore,1990,0.085
Singapore,1991,0.245
Singapore,1992,0.245
Singapore,1993,0.245
Singapore,1994,0.245
Singapore,1995,0.245
Singapore,1996,0.245
Singapore,1997,0.245
Singapore,1998,0.245
Singapore,1999,0.245
Singapore,2000,0.245
Singapore,2001,0.473
Singapore,2002,0.473
Singapore,2003,0.495
Singapore,2004,0.479
Singapore,2005,0.47765875
Singapore,2006,0.4737648
Singapore,2007,0.4936092
Singapore,2008,0.5211795
Singapore,2009,0.5286781
Singapore,2010,0.5902442
Singapore,2011,0.6100797299999999
Singapore,2012,0.64390646
Singapore,2013,0.7182691
Singapore,2014,0.7685835
Singapore,2015,0.8610191
Singapore,2016,0.89001521
Singapore,2017,0.89765413
Singapore,2018,0.89765614
Singapore,2019,0.95489589
Singapore,2020,0.9799372
Singapore,2021,1.06950528
Singapore,2022,1.6365458400000001
Singapore,2023,1.7687108999999999
Slovakia,1990,1.88
Slovakia,1991,1.408
Slovakia,1992,1.937
Slovakia,1993,3.467
Slovakia,1994,4.355
Slovakia,1995,4.88
Slovakia,1996,4.227
Slovakia,1997,4.064
Slovakia,1998,4.267
Slovakia,1999,4.474
Slovakia,2000,4.615
Slovakia,2001,5.0809999999999995
Slovakia,2002,5.42
Slovakia,2003,3.581
Slovakia,2004,4.1259999999999994
Slovakia,2005,4.676
Slovakia,2006,4.803314
Slovakia,2007,4.933
Slovakia,2008,4.563332
Slovakia,2009,4.910561
Slovakia,2010,5.939942
Slovakia,2011,4.999187
Slovakia,2012,5.474
Slovakia,2013,6.353
Slovakia,2014,6.228999999999999
Slovakia,2015,6.04
Slovakia,2016,6.629
Slovakia,2017,6.532
Slovakia,2018,5.805999999999999
Slovakia,2019,6.644
Slovakia,2020,6.857000000000001
Slovakia,2021,6.7780000000000005
Slovakia,2022,5.822
Slovakia,2023,7.2493983
Slovenia,1990,2.974
Slovenia,1991,3.608
Slovenia,1992,3.423
Slovenia,1993,3.035
Slovenia,1994,3.399
Slovenia,1995,3.252
Slovenia,1996,3.668
Slovenia,1997,3.091
Slovenia,1998,3.45
Slovenia,1999,3.77
Slovenia,2000,3.904
Slovenia,2001,3.868
Slovenia,2002,3.415
Slovenia,2003,3.0789999999999997
Slovenia,2004,4.215999999999999
Slovenia,2005,3.5709999999999997
Slovenia,2006,3.6900000000000004
Slovenia,2007,3.37
Slovenia,2008,4.31
Slovenia,2009,4.912
Slovenia,2010,4.752
Slovenia,2011,3.88
Slovenia,2012,4.329
Slovenia,2013,5.109
Slovenia,2014,6.612
Slovenia,2015,4.3549999999999995
Slovenia,2016,5.0590164380000004
Slovenia,2017,4.451817
Slovenia,2018,5.238019
Slovenia,2019,5.044796
Slovenia,2020,5.585884
Slovenia,2021,5.451717
Slovenia,2022,4.072136
Slovenia,2023,6.372698230999999
South Africa,1990,1.01
South Africa,1991,1.98
South Africa,1992,0.75200003
South Africa,1993,0.14600004
South Africa,1994,1.0739999
South Africa,1995,0.529
South Africa,1996,1.3789999
South Africa,1997,2.238
South Africa,1998,1.826
South Africa,1999,0.9229999
South Africa,2000,1.5877998
South Africa,2001,2.1549
South Africa,2002,2.5567
South Africa,2003,1.25571207
South Africa,2004,1.359339
South Africa,2005,1.7862402
South Africa,2006,3.3337197
South Africa,2007,3.32822
South Africa,2008,1.7584198
South Africa,2009,1.9540199
South Africa,2010,1.6007997999999999
South Africa,2011,3.5931242
South Africa,2012,1.5641099
South Africa,2013,1.8616158
South Africa,2014,4.3002319
South Africa,2015,6.866528000000001
South Africa,2016,8.438492
South Africa,2017,12.423364
South Africa,2018,12.517334
South Africa,2019,12.706139999999998
South Africa,2020,13.9857
South Africa,2021,17.8647
South Africa,2022,19.4097
South Africa,2023,20.07461
South America,1990,353.380564
South America,1991,378.1545955
South America,1992,387.47450899999995
South America,1993,417.00891099999996
South America,1994,443.16035
South America,1995,459.50471799999997
South America,1996,476.971978
South America,1997,504.925471
South America,1998,515.738774
South America,1999,515.572699
South America,2000,543.8342162528
South America,2001,513.0982329889999
South America,2002,539.250433489
South America,2003,563.7714699610001
South America,2004,582.323029687
South America,2005,617.115739693
South America,2006,645.6177202947
South America,2007,673.1695557687
South America,2008,680.4770119661
South America,2009,702.3176671606
South America,2010,713.3428782130001
South America,2011,757.540501423
South America,2012,750.9242893200001
South America,2013,737.3456091
South America,2014,731.51063716
South America,2015,731.3310779000001
South America,2016,763.4913254
South America,2017,796.0858547
South America,2018,828.805333
South America,2019,840.9068810000001
South America,2020,844.551737
South America,2021,840.8761420000001
South America,2022,945.36722
South America,2023,999.01572
South Korea,1990,4.684946
South Korea,1991,3.487046
South Korea,1992,3.0994479999999998
South Korea,1993,4.230549
South Korea,1994,2.349092
South Korea,1995,3.0119230000000003
South Korea,1996,2.8303570000000002
South Korea,1997,2.8959919999999997
South Korea,1998,4.343418
South Korea,1999,4.256671
South Korea,2000,4.1105220000000005
South Korea,2001,2.436713
South Korea,2002,3.4337028
South Korea,2003,5.1061936999999995
South Korea,2004,4.6612622
South Korea,2005,4.07740033
South Korea,2006,3.97876078
South Korea,2007,4.46247355
South Korea,2008,4.4435366
South Korea,2009,4.603779599999999
South Korea,2010,5.69009954
South Korea,2011,7.40265599
South Korea,2012,8.16516633
South Korea,2013,10.2260815
South Korea,2014,12.8926928
South Korea,2015,15.1975707
South Korea,2016,18.1252341
South Korea,2017,22.3280839
South Korea,2018,27.806429199999997
South Korea,2019,33.0113766
South Korea,2020,40.3989504
South Korea,2021,48.104728200000004
South Korea,2022,55.4848087
South Korea,2023,55.7213943
South and Central America (EI),1990,369.134722
South and Central America (EI),1991,393.50179099999997
South and Central America (EI),1992,402.897962
South and Central America (EI),1993,433.553178172
South and Central America (EI),1994,458.576864778
South and Central America (EI),1995,474.818724778
South and Central America (EI),1996,494.680779986
South and Central America (EI),1997,522.018817
South and Central America (EI),1998,533.11197238
South and Central America (EI),1999,536.77451193
South and Central America (EI),2000,565.133074052
South and Central America (EI),2001,532.770903019
South and Central America (EI),2002,560.299612219
South and Central America (EI),2003,585.889749421
South and Central America (EI),2004,605.8060951870001
South and Central America (EI),2005,642.009865302
South and Central America (EI),2006,671.6409755320001
South and Central America (EI),2007,699.43908403
South and Central America (EI),2008,708.83766798
South and Central America (EI),2009,730.258108453
South and Central America (EI),2010,744.211390566
South and Central America (EI),2011,788.70414334
South and Central America (EI),2012,785.37834087
South and Central America (EI),2013,772.6865283
South and Central America (EI),2014,767.0315571
South and Central America (EI),2015,769.5053348
South and Central America (EI),2016,803.9915283
South and Central America (EI),2017,842.0005277
South and Central America (EI),2018,876.599462
South and Central America (EI),2019,885.278638
South and Central America (EI),2020,894.340916
South and Central America (EI),2021,895.5086
South and Central America (EI),2022,1001.1308260000001
South and Central America (EI),2023,1049.654734
Spain,1990,25.976000000000003
Spain,1991,27.846
Spain,1992,19.606
Spain,1993,25.081
Spain,1994,29.004
Spain,1995,24.407999999999998
Spain,1996,41.261
Spain,1997,36.995999999999995
Spain,1998,36.903000000000006
Spain,1999,27.348
Spain,2000,35.808
Spain,2001,49.441
Spain,2002,34.878
Spain,2003,56.354
Spain,2004,50.762
Spain,2005,41.742
Spain,2006,52.08
Spain,2007,58.207
Spain,2008,62.31099999999999
Spain,2009,73.7151218
Spain,2010,96.599131
Spain,2011,86.223536
Spain,2012,86.9599183
Spain,2013,110.948338
Spain,2014,110.26908399999999
Spain,2015,97.08759730000001
Spain,2016,104.6059515
Spain,2017,87.847671
Spain,2018,104.14954700000001
Spain,2019,96.320498
Spain,2020,113.754783
Spain,2021,125.676004
Spain,2022,122.8485163
Spain,2023,141.9573135
Sri Lanka,1990,3.1448
Sri Lanka,1991,3.1166
Sri Lanka,1992,2.8999
Sri Lanka,1993,3.796
Sri Lanka,1994,4.0891
Sri Lanka,1995,4.5141
Sri Lanka,1996,3.2519
Sri Lanka,1997,3.44727
Sri Lanka,1998,3.91495
Sri Lanka,1999,4.1809936
Sri Lanka,2000,3.2080397
Sri Lanka,2001,3.122246696
Sri Lanka,2002,2.705518659
Sri Lanka,2003,3.324551339
Sri Lanka,2004,2.9755876189999997
Sri Lanka,2005,3.468832883
Sri Lanka,2006,4.652849527
Sri Lanka,2007,3.9658552069999997
Sri Lanka,2008,4.154529879
Sri Lanka,2009,3.9244103509999997
Sri Lanka,2010,5.737426322
Sri Lanka,2011,4.715852592999999
Sri Lanka,2012,3.48115217
Sri Lanka,2013,7.20459647
Sri Lanka,2014,4.90457908
Sri Lanka,2015,6.42913
Sri Lanka,2016,4.731339999999999
Sri Lanka,2017,4.689780000000001
Sri Lanka,2018,7.14618
Sri Lanka,2019,5.778
Sri Lanka,2020,6.2455
Sri Lanka,2021,9.1205
Sri Lanka,2022,9.189696399999999
Sri Lanka,2023,8.5151422
Sweden,1990,74.458
Sweden,1991,65.122
Sweden,1992,76.405
Sweden,1993,76.87100000000001
Sweden,1994,61.402
Sweden,1995,70.556
Sweden,1996,54.003
Sweden,1997,72.033
Sweden,1998,77.832
Sweden,1999,74.747
Sweden,2000,83.14
Sweden,2001,83.322
Sweden,2002,71.143
Sweden,2003,58.731
Sweden,2004,68.641
Sweden,2005,80.834541
Sweden,2006,70.965027
Sweden,2007,77.44031700000001
Sweden,2008,81.62128399999999
Sweden,2009,79.497261
Sweden,2010,82.862435
Sweden,2011,84.72317799999999
Sweden,2012,98.317487
Sweden,2013,82.68838
Sweden,2014,85.74006299999999
Sweden,2015,102.49722399999999
Sweden,2016,89.243268
Sweden,2017,94.977395
Sweden,2018,91.068296
Sweden,2019,98.842794
Sweden,2020,112.024227
Sweden,2021,115.491473
Sweden,2022,117.935967
Sweden,2023,114.80196
Switzerland,1990,30.236848
Switzerland,1991,32.518162000000004
Switzerland,1992,33.191655
Switzerland,1993,36.276193
Switzerland,1994,39.627556
Switzerland,1995,35.751566
Switzerland,1996,29.369979999999998
Switzerland,1997,34.713455
Switzerland,1998,34.175414
Switzerland,1999,40.770263
Switzerland,2000,37.684334
Switzerland,2001,42.21588
Switzerland,2002,36.100818000000004
Switzerland,2003,35.720130000000005
Switzerland,2004,34.745717
Switzerland,2005,32.274898
Switzerland,2006,32.135859
Switzerland,2007,36.477402999999995
Switzerland,2008,37.324383
Switzerland,2009,37.03311
Switzerland,2010,37.467279999999995
Switzerland,2011,34.016363999999996
Switzerland,2012,40.51809
Switzerland,2013,40.661718
Switzerland,2014,40.65405
Switzerland,2015,41.09185
Switzerland,2016,37.79493
Switzerland,2017,37.749364
Switzerland,2018,38.48719
Switzerland,2019,41.81997
Switzerland,2020,42.17548600000001
Switzerland,2021,41.549485
Switzerland,2022,35.58413
Switzerland,2023,45.177958350000004
Taiwan,1990,6.592806749999999
Taiwan,1991,4.09687026
Taiwan,1992,6.81761623
Taiwan,1993,4.341547660000001
Taiwan,1994,5.3184846199999996
Taiwan,1995,5.2232869
Taiwan,1996,5.21293295
Taiwan,1997,5.7710712
Taiwan,1998,6.8090582
Taiwan,1999,5.8098888
Taiwan,2000,5.6088514599999995
Taiwan,2001,6.423061773
Taiwan,2002,4.3944638000000005
Taiwan,2003,4.83136542
Taiwan,2004,5.084608612
Taiwan,2005,6.01402843
Taiwan,2006,6.21551174
Taiwan,2007,6.74317192
Taiwan,2008,6.714695643000001
Taiwan,2009,6.291455395
Taiwan,2010,7.075980703
Taiwan,2011,7.388588737999999
Taiwan,2012,9.07322683
Taiwan,2013,9.232390639999998
Taiwan,2014,8.259637
Taiwan,2015,8.78394865
Taiwan,2016,11.0318442
Taiwan,2017,10.694924700000001
Taiwan,2018,10.8633697
Taiwan,2019,13.4409429
Taiwan,2020,13.394199999999998
Taiwan,2021,15.7227621
Taiwan,2022,22.0741604
Taiwan,2023,25.0189424
Thailand,1990,4.925119
Thailand,1991,4.535017
Thailand,1992,4.179801
Thailand,1993,3.64193
Thailand,1994,4.45436554
Thailand,1995,6.73576006
Thailand,1996,7.4221228
Thailand,1997,7.3555002599999995
Thailand,1998,5.3983331
Thailand,1999,3.8571013
Thailand,2000,6.4183415
Thailand,2001,6.79543285
Thailand,2002,8.1193422
Thailand,2003,8.4392484
Thailand,2004,7.7382119000000005
Thailand,2005,7.527449
Thailand,2006,9.974516900000001
Thailand,2007,10.4181438
Thailand,2008,9.128435199999998
Thailand,2009,9.262027999999999
Thailand,2010,8.7729685
Thailand,2011,12.011586300000001
Thailand,2012,13.642406999999999
Thailand,2013,12.645994599999998
Thailand,2014,14.209078000000002
Thailand,2015,13.8022185
Thailand,2016,16.080280000000002
Thailand,2017,19.631204
Thailand,2018,25.519757000000002
Thailand,2019,27.712383000000003
Thailand,2020,25.079966
Thailand,2021,26.466625999999998
Thailand,2022,28.474911
Thailand,2023,29.7669129
Trinidad and Tobago,1990,0.031
Trinidad and Tobago,1991,0.025
Trinidad and Tobago,1992,0.03
Trinidad and Tobago,1993,0.028
Trinidad and Tobago,1994,0.032
Trinidad and Tobago,1995,0.033
Trinidad and Tobago,1996,0.017
Trinidad and Tobago,1997,0.018
Trinidad and Tobago,1998,0.018
Trinidad and Tobago,1999,0.018
Trinidad and Tobago,2000,0.020531
Trinidad and Tobago,2001,0.030039000000000003
Trinidad and Tobago,2002,0.027368999999999997
Trinidad and Tobago,2003,0.013902000000000001
Trinidad and Tobago,2004,0.025579
Trinidad and Tobago,2005,0.024742999999999998
Trinidad and Tobago,2006,0.029089999999999998
Trinidad and Tobago,2007,0.022285
Trinidad and Tobago,2008,0.023534
Trinidad and Tobago,2009,0.022939
Trinidad and Tobago,2010,0.004408
Trinidad and Tobago,2011,0.004408
Trinidad and Tobago,2012,0.006228
Trinidad and Tobago,2013,0.006228
Trinidad and Tobago,2014,0.006228
Trinidad and Tobago,2015,0.006255
Trinidad and Tobago,2016,0.006255
Trinidad and Tobago,2017,0.006255
Trinidad and Tobago,2018,0.006255
Trinidad and Tobago,2019,0.006255
Trinidad and Tobago,2020,0.006255
Trinidad and Tobago,2021,0.006255
Trinidad and Tobago,2022,0.006255
Trinidad and Tobago,2023,0.006255
Turkey,1990,23.227700000000002
Turkey,1991,22.803
Turkey,1992,26.684700000000003
Turkey,1993,34.0849
Turkey,1994,30.715899999999998
Turkey,1995,35.8492
Turkey,1996,40.7343
Turkey,1997,40.1929
Turkey,1998,42.5605
Turkey,1999,34.9119
Turkey,2000,31.153399999999998
Turkey,2001,24.345899999999997
Turkey,2002,33.9664
Turkey,2003,35.5585
Turkey,2004,46.3106
Turkey,2005,39.747899999999994
Turkey,2006,44.52255
Turkey,2007,36.456842
Turkey,2008,34.420995
Turkey,2009,38.141158999999995
Turkey,2010,55.715434
Turkey,2011,58.102462538000005
Turkey,2012,65.221289787
Turkey,2013,69.226902615
Turkey,2014,52.628714
Turkey,2015,83.657973
Turkey,2016,90.24433
Turkey,2017,87.26310000000001
Turkey,2018,97.76801499999999
Turkey,2019,132.277775
Turkey,2020,128.360383
Turkey,2021,118.567465
Turkey,2022,137.842531
Turkey,2023,137.932973
Turkmenistan,1990,0.003
Turkmenistan,1991,0.003
Turkmenistan,1992,0.0042
Turkmenistan,1993,0.005
Turkmenistan,1994,0.004
Turkmenistan,1995,0.004
Turkmenistan,1996,0.005
Turkmenistan,1997,0.005
Turkmenistan,1998,0.006
Turkmenistan,1999,0.005
Turkmenistan,2000,0.003154
Turkmenistan,2001,0.003154
Turkmenistan,2002,0.003154
Turkmenistan,2003,0.003154
Turkmenistan,2004,0.003154
Turkmenistan,2005,0.003154
Turkmenistan,2006,0.003154
Turkmenistan,2007,0.003154
Turkmenistan,2008,0.003154
Turkmenistan,2009,0.003154
Turkmenistan,2010,0.0033135
Turkmenistan,2011,0.0036107500000000002
Turkmenistan,2012,0.004135432
Turkmenistan,2013,0.00500275
Turkmenistan,2014,0.0062715
Turkmenistan,2015,0.008374
Turkmenistan,2016,0.010133068
Turkmenistan,2017,0.010114
Turkmenistan,2018,0.010114
Turkmenistan,2019,0.010114
Turkmenistan,2020,0.010141708999999999
Turkmenistan,2021,0.010110000000000001
Turkmenistan,2022,0.010110000000000001
Turkmenistan,2023,0.010110000000000001
Ukraine,1990,10.514
Ukraine,1991,11.71
Ukraine,1992,7.883
Ukraine,1993,11.039
Ukraine,1994,12.118
Ukraine,1995,9.953
Ukraine,1996,8.632
Ukraine,1997,9.856
Ukraine,1998,15.742
Ukraine,1999,14.327
Ukraine,2000,11.28
Ukraine,2001,12.048
Ukraine,2002,9.649000000000001
Ukraine,2003,9.269
Ukraine,2004,11.786
Ukraine,2005,12.401
Ukraine,2006,12.921
Ukraine,2007,10.469000000000001
Ukraine,2008,11.821
Ukraine,2009,12.118
Ukraine,2010,13.389999999999999
Ukraine,2011,11.19743
Ukraine,2012,11.23413
Ukraine,2013,15.11441
Ukraine,2014,10.16747
Ukraine,2015,7.10222
Ukraine,2016,9.2564
Ukraine,2017,10.86261
Ukraine,2018,13.0241
Ukraine,2019,11.8682
Ukraine,2020,16.952703
Ukraine,2021,21.600899000000002
Ukraine,2022,18.623467
Ukraine,2023,20.40677
United Arab Emirates,1990,0.0
United Arab Emirates,1991,0.0
United Arab Emirates,1992,0.0
United Arab Emirates,1993,0.0
United Arab Emirates,1994,0.0
United Arab Emirates,1995,0.0
United Arab Emirates,1996,0.0
United Arab Emirates,1997,0.0
United Arab Emirates,1998,0.0
United Arab Emirates,1999,0.0
United Arab Emirates,2000,0.0
United Arab Emirates,2001,0.0
United Arab Emirates,2002,0.0
United Arab Emirates,2003,0.0
United Arab Emirates,2004,0.0
United Arab Emirates,2005,0.0
United Arab Emirates,2006,0.0
United Arab Emirates,2007,0.0
United Arab Emirates,2008,0.0
United Arab Emirates,2009,0.006354
United Arab Emirates,2010,0.018424
United Arab Emirates,2011,0.020696
United Arab Emirates,2012,0.024242
United Arab Emirates,2013,0.086912
United Arab Emirates,2014,0.311409
United Arab Emirates,2015,0.300589
United Arab Emirates,2016,0.316
United Arab Emirates,2017,0.7451
United Arab Emirates,2018,1.1981
United Arab Emirates,2019,3.6558
United Arab Emirates,2020,5.185365999999999
United Arab Emirates,2021,6.2527808
United Arab Emirates,2022,7.7561991
United Arab Emirates,2023,13.835547736
United Kingdom,1990,5.722
United Kingdom,1991,5.232600000000001
United Kingdom,1992,6.317
United Kingdom,1993,5.7181
United Kingdom,1994,6.9797
United Kingdom,1995,6.6856
United Kingdom,1996,5.688560000000001
United Kingdom,1997,7.17294
United Kingdom,1998,8.6488143
United Kingdom,1999,9.615697
United Kingdom,2000,9.9145453
United Kingdom,2001,9.547647999999999
United Kingdom,2002,11.129584600000001
United Kingdom,2003,10.692400500000002
United Kingdom,2004,14.1513605
United Kingdom,2005,16.9452
United Kingdom,2006,18.117306699999997
United Kingdom,2007,19.6896229
United Kingdom,2008,21.904712
United Kingdom,2009,25.243812606
United Kingdom,2010,26.180265900000002
United Kingdom,2011,35.21217643
United Kingdom,2012,41.2479486
United Kingdom,2013,53.213813
United Kingdom,2014,64.5224014
United Kingdom,2015,83.36382840000002
United Kingdom,2016,83.00347150000002
United Kingdom,2017,98.87847
United Kingdom,2018,110.13020999999999
United Kingdom,2019,119.72604
United Kingdom,2020,134.27859999999998
United Kingdom,2021,122.1894
United Kingdom,2022,135.01149999999998
United Kingdom,2023,135.00050000000002
United States,1990,352.92777865
United States,1991,351.3367916
United States,1992,319.56661837
United States,1993,349.68702068
United States,1994,329.6799611
United States,1995,378.1955868
United States,1996,416.18350755
United States,1997,425.6471233
United States,1998,391.28730804
United States,1999,388.13459350000005
United States,2000,345.51244667000003
United States,2001,284.4501757
United States,2002,341.0173966
United States,2003,353.2142443
United States,2004,349.48476946
United States,2005,357.76514465
United States,2006,386.30841612999996
United States,2007,352.8069355
United States,2008,382.1607236
United States,2009,421.40135439999995
United States,2010,430.95791049999997
United States,2011,517.999904
United States,2012,502.347284
United States,2013,532.790171
United States,2014,552.5271620000001
United States,2015,562.26065
United States,2016,631.191855
United States,2017,714.53576
United States,2018,741.13754
United States,2019,769.1331299999999
United States,2020,830.49026
United States,2021,870.98488
United States,2022,968.617344
United States,2023,973.66734
Upper-middle-income countries,1990,688.7149832023
Upper-middle-income countries,1991,704.8731119089999
Upper-middle-income countries,1992,732.26648413
Upper-middle-income countries,1993,788.30131322
Upper-middle-income countries,1994,821.0462053800001
Upper-middle-income countries,1995,872.6778807
Upper-middle-income countries,1996,871.1376943900001
Upper-middle-income countries,1997,893.2912578
Upper-middle-income countries,1998,912.7863875600001
Upper-middle-income countries,1999,915.529842403
Upper-middle-income countries,2000,966.282464062
Upper-middle-income countries,2001,993.82629665
Upper-middle-income countries,2002,1022.28426705
Upper-middle-income countries,2003,1032.0584617
Upper-middle-income countries,2004,1163.94636552
Upper-middle-income countries,2005,1236.487791845
Upper-middle-income countries,2006,1315.57820788
Upper-middle-income countries,2007,1390.5414306500002
Upper-middle-income countries,2008,1555.4288124
Upper-middle-income countries,2009,1577.9167939499998
Upper-middle-income countries,2010,1744.00532937
Upper-middle-income countries,2011,1789.5784053
Upper-middle-income countries,2012,1993.9006925
Upper-middle-income countries,2013,2096.665681
Upper-middle-income countries,2014,2279.698003
Upper-middle-income countries,2015,2405.4769659999997
Upper-middle-income countries,2016,2601.6425600000002
Upper-middle-income countries,2017,2789.1413300000004
Upper-middle-income countries,2018,3031.52125
Upper-middle-income countries,2019,3275.47498
Upper-middle-income countries,2020,3487.37549
Upper-middle-income countries,2021,3772.53729
Upper-middle-income countries,2022,4107.091259999999
Upper-middle-income countries,2023,4372.28316
Uzbekistan,1990,6.648
Uzbekistan,1991,6.031
Uzbekistan,1992,6.281
Uzbekistan,1993,7.358
Uzbekistan,1994,7.156
Uzbekistan,1995,6.188
Uzbekistan,1996,6.525
Uzbekistan,1997,5.777
Uzbekistan,1998,5.758
Uzbekistan,1999,5.692
Uzbekistan,2000,5.879
Uzbekistan,2001,6.017
Uzbekistan,2002,6.186
Uzbekistan,2003,7.1548724
Uzbekistan,2004,6.4934173
Uzbekistan,2005,6.875604
Uzbekistan,2006,5.8497224
Uzbekistan,2007,6.4571
Uzbekistan,2008,4.3859
Uzbekistan,2009,6.4833
Uzbekistan,2010,8.1921
Uzbekistan,2011,5.7213
Uzbekistan,2012,6.3549814
Uzbekistan,2013,6.27
Uzbekistan,2014,6.185008
Uzbekistan,2015,6.020495
Uzbekistan,2016,6.864457
Uzbekistan,2017,7.935843
Uzbekistan,2018,5.904127000000001
Uzbekistan,2019,6.48441
Uzbekistan,2020,5.006062704
Uzbekistan,2021,5.060381
Uzbekistan,2022,5.497021
Uzbekistan,2023,7.3162210000000005
Venezuela,1990,36.983
Venezuela,1991,44.542
Venezuela,1992,47.271
Venezuela,1993,47.478
Venezuela,1994,51.284
Venezuela,1995,51.45
Venezuela,1996,53.847
Venezuela,1997,57.268
Venezuela,1998,57.923
Venezuela,1999,60.6
Venezuela,2000,62.886
Venezuela,2001,60.441
Venezuela,2002,59.534
Venezuela,2003,60.532
Venezuela,2004,70.075
Venezuela,2005,77.08849
Venezuela,2006,81.41334
Venezuela,2007,83.03442
Venezuela,2008,86.7129
Venezuela,2009,85.83926
Venezuela,2010,76.66224
Venezuela,2011,83.15768999999999
Venezuela,2012,81.74076
Venezuela,2013,81.58961000000001
Venezuela,2014,80.55254000000001
Venezuela,2015,74.87451
Venezuela,2016,63.072979999999994
Venezuela,2017,70.15237
Venezuela,2018,65.32357
Venezuela,2019,62.85107
Venezuela,2020,67.211728048
Venezuela,2021,67.866263636
Venezuela,2022,68.52913
Venezuela,2023,65.609299006
Vietnam,1990,5.369
Vietnam,1991,6.317
Vietnam,1992,7.228
Vietnam,1993,7.965
Vietnam,1994,9.243
Vietnam,1995,10.582
Vietnam,1996,12.008
Vietnam,1997,11.657
Vietnam,1998,11.095
Vietnam,1999,13.774
Vietnam,2000,14.551
Vietnam,2001,18.21
Vietnam,2002,18.198
Vietnam,2003,18.986
Vietnam,2004,17.818
Vietnam,2005,16.585
Vietnam,2006,19.776
Vietnam,2007,22.516000000000002
Vietnam,2008,26.0407
Vietnam,2009,30.0506
Vietnam,2010,28.625966000000002
Vietnam,2011,41.178267999999996
Vietnam,2012,53.40896600000001
Vietnam,2013,57.952483
Vietnam,2014,62.299504999999996
Vietnam,2015,56.320668999999995
Vietnam,2016,64.26929
Vietnam,2017,86.50599199999999
Vietnam,2018,84.078
Vietnam,2019,72.009
Vietnam,2020,84.95
Vietnam,2021,108.485
Vietnam,2022,131.129
Vietnam,2023,118.826
Western Africa (EI),1990,12.009091
Western Africa (EI),1991,13.987131999999999
Western Africa (EI),1992,14.378202
Western Africa (EI),1993,13.778475
Western Africa (EI),1994,13.586127999999999
Western Africa (EI),1995,14.288279000000001
Western Africa (EI),1996,14.821882
Western Africa (EI),1997,15.161679999999999
Western Africa (EI),1998,12.048941999999998
Western Africa (EI),1999,14.106487
Western Africa (EI),2000,15.134909
Western Africa (EI),2001,15.5374
Western Africa (EI),2002,16.438886702999998
Western Africa (EI),2003,14.618697286
Western Africa (EI),2004,16.810361389999997
Western Africa (EI),2005,16.456960853000002
Western Africa (EI),2006,14.984375807
Western Africa (EI),2007,13.467909371
Western Africa (EI),2008,15.592422467
Western Africa (EI),2009,15.274233631
Western Africa (EI),2010,17.279757
Western Africa (EI),2011,17.522900999999997
Western Africa (EI),2012,17.969341
Western Africa (EI),2013,17.436141
Western Africa (EI),2014,18.25253937
Western Africa (EI),2015,16.512081764
Western Africa (EI),2016,19.2289034
Western Africa (EI),2017,19.61752946
Western Africa (EI),2018,21.005565349999998
Western Africa (EI),2019,23.81635897
Western Africa (EI),2020,24.00285663
Western Africa (EI),2021,26.049237719999997
Western Africa (EI),2022,27.74994853
Western Africa (EI),2023,30.672958180000002
World,1990,2279.8641705500004
World,1991,2335.3963399000004
World,1992,2344.6734011
World,1993,2483.0609965000003
World,1994,2504.3109428999996
World,1995,2638.94136576
World,1996,2677.43353096
World,1997,2735.5456018000004
World,1998,2765.892112
World,1999,2799.2487559
World,2000,2863.9871491000004
World,2001,2810.4163245
World,2002,2886.9888616
World,2003,2906.807317
World,2004,3141.1586854999996
World,2005,3275.5061895
World,2006,3433.5162857
World,2007,3546.967033
World,2008,3801.57729
World,2009,3883.488585
World,2010,4189.857094999999
World,2011,4397.64395
World,2012,4705.61247
World,2013,5028.27512
World,2014,5297.588040000001
World,2015,5512.61542
World,2016,5860.79185
World,2017,6241.50756
World,2018,6666.7991999999995
World,2019,7034.98809
World,2020,7511.8756
World,2021,7956.254
World,2022,8530.105599999999
World,2023,8988.394349999999
